"cohort_start_date","dose","n_dose","n"
2020-06-01,"1 dose",1,5
2020-08-31,"2 dose",1,5
2020-10-14,"1 dose",1,5
2020-11-10,"1 dose",1,5
2020-11-27,"1 dose",1,5
2020-12-07,"1 dose",1,5
2020-12-08,"1 dose",5,5
2020-12-09,"1 dose",9,9
2020-12-10,"1 dose",5,5
2020-12-11,"1 dose",15,15
2020-12-12,"1 dose",7,7
2020-12-13,"1 dose",4,5
2020-12-14,"1 dose",25,25
2020-12-15,"1 dose",26,26
2020-12-16,"1 dose",16,16
2020-12-17,"1 dose",29,29
2020-12-18,"1 dose",20,20
2020-12-19,"1 dose",14,14
2020-12-20,"1 dose",15,15
2020-12-21,"1 dose",25,25
2020-12-22,"1 dose",36,36
2020-12-23,"1 dose",22,22
2020-12-24,"1 dose",10,10
2020-12-28,"1 dose",5,5
2020-12-29,"1 dose",17,17
2020-12-30,"1 dose",35,35
2020-12-31,"1 dose",13,13
2021-01-01,"1 dose",9,9
2021-01-02,"1 dose",4,5
2021-01-03,"1 dose",6,6
2021-01-04,"1 dose",18,18
2021-01-05,"1 dose",28,28
2021-01-06,"1 dose",38,38
2021-01-07,"1 dose",47,47
2021-01-08,"1 dose",43,43
2021-01-09,"1 dose",31,31
2021-01-10,"1 dose",14,14
2021-01-11,"1 dose",44,44
2021-01-12,"1 dose",69,69
2021-01-13,"1 dose",50,50
2021-01-14,"1 dose",82,82
2021-01-15,"1 dose",88,88
2021-01-16,"1 dose",63,63
2021-01-17,"1 dose",23,23
2021-01-18,"1 dose",47,47
2021-01-19,"1 dose",79,79
2021-01-20,"1 dose",76,76
2021-01-21,"1 dose",108,108
2021-01-22,"1 dose",114,114
2021-01-23,"1 dose",102,102
2021-01-24,"1 dose",29,29
2021-01-25,"1 dose",76,76
2021-01-26,"1 dose",62,62
2021-01-27,"1 dose",112,112
2021-01-28,"1 dose",107,107
2021-01-29,"1 dose",107,107
2021-01-30,"1 dose",101,101
2021-01-31,"1 dose",50,50
2021-02-01,"1 dose",94,94
2021-02-02,"1 dose",136,136
2021-02-03,"1 dose",107,107
2021-02-04,"1 dose",165,165
2021-02-05,"1 dose",146,146
2021-02-06,"1 dose",160,160
2021-02-07,"1 dose",81,81
2021-02-08,"1 dose",142,142
2021-02-09,"1 dose",143,143
2021-02-10,"1 dose",154,154
2021-02-11,"1 dose",162,162
2021-02-12,"1 dose",169,169
2021-02-13,"1 dose",131,131
2021-02-14,"1 dose",79,79
2021-02-15,"1 dose",77,77
2021-02-16,"1 dose",80,80
2021-02-17,"1 dose",101,101
2021-02-18,"1 dose",108,108
2021-02-19,"1 dose",79,79
2021-02-20,"1 dose",58,58
2021-02-21,"1 dose",34,34
2021-02-22,"1 dose",66,66
2021-02-23,"1 dose",78,78
2021-02-24,"1 dose",90,90
2021-02-25,"1 dose",83,83
2021-02-26,"1 dose",91,91
2021-02-27,"1 dose",54,54
2021-02-28,"1 dose",37,37
2021-03-01,"1 dose",68,68
2021-03-02,"1 dose",89,89
2021-03-03,"1 dose",84,84
2021-03-04,"1 dose",101,101
2021-03-05,"1 dose",72,72
2021-03-06,"1 dose",76,76
2021-03-07,"1 dose",27,27
2021-03-08,"1 dose",37,37
2021-03-09,"1 dose",68,68
2021-03-10,"1 dose",76,76
2021-03-11,"1 dose",79,79
2021-03-12,"1 dose",110,110
2021-03-13,"1 dose",93,93
2021-03-14,"1 dose",44,44
2021-03-15,"1 dose",94,94
2021-03-16,"1 dose",111,111
2021-03-17,"1 dose",148,148
2021-03-18,"1 dose",137,137
2021-03-19,"1 dose",155,155
2021-03-20,"1 dose",138,138
2021-03-21,"1 dose",82,82
2021-03-22,"1 dose",94,94
2021-03-23,"1 dose",119,119
2021-03-24,"1 dose",104,105
2021-03-24,"2 dose",1,105
2021-03-25,"1 dose",96,96
2021-03-26,"1 dose",113,113
2021-03-27,"1 dose",106,106
2021-03-28,"1 dose",77,77
2021-03-29,"1 dose",90,90
2021-03-30,"1 dose",82,83
2021-03-30,"2 dose",1,83
2021-03-31,"1 dose",111,112
2021-03-31,"2 dose",1,112
2021-04-01,"1 dose",78,78
2021-04-02,"1 dose",63,63
2021-04-03,"1 dose",35,35
2021-04-04,"1 dose",28,28
2021-04-05,"1 dose",33,33
2021-04-06,"1 dose",45,45
2021-04-07,"1 dose",55,55
2021-04-08,"1 dose",59,60
2021-04-08,"2 dose",1,60
2021-04-09,"1 dose",58,58
2021-04-10,"2 dose",1,66
2021-04-10,"1 dose",65,66
2021-04-11,"1 dose",25,25
2021-04-12,"1 dose",59,59
2021-04-13,"1 dose",52,52
2021-04-14,"1 dose",56,56
2021-04-15,"2 dose",1,46
2021-04-15,"1 dose",45,46
2021-04-16,"1 dose",44,44
2021-04-17,"1 dose",51,52
2021-04-17,"2 dose",1,52
2021-04-18,"1 dose",27,27
2021-04-19,"1 dose",21,22
2021-04-19,"2 dose",1,22
2021-04-20,"1 dose",48,49
2021-04-20,"2 dose",1,49
2021-04-21,"1 dose",57,59
2021-04-21,"2 dose",2,59
2021-04-22,"2 dose",1,45
2021-04-22,"1 dose",44,45
2021-04-23,"1 dose",61,61
2021-04-24,"1 dose",25,27
2021-04-24,"2 dose",2,27
2021-04-25,"2 dose",3,41
2021-04-25,"1 dose",38,41
2021-04-26,"2 dose",2,33
2021-04-26,"1 dose",31,33
2021-04-27,"1 dose",65,67
2021-04-27,"2 dose",2,67
2021-04-28,"2 dose",2,44
2021-04-28,"1 dose",42,44
2021-04-29,"1 dose",47,47
2021-04-30,"1 dose",61,63
2021-04-30,"2 dose",2,63
2021-05-01,"1 dose",34,35
2021-05-01,"2 dose",1,35
2021-05-02,"1 dose",32,32
2021-05-03,"1 dose",17,18
2021-05-03,"2 dose",1,18
2021-05-04,"2 dose",1,58
2021-05-04,"1 dose",57,58
2021-05-05,"1 dose",50,52
2021-05-05,"2 dose",2,52
2021-05-06,"1 dose",55,57
2021-05-06,"2 dose",2,57
2021-05-07,"1 dose",34,34
2021-05-08,"1 dose",52,52
2021-05-09,"2 dose",2,51
2021-05-09,"1 dose",49,51
2021-05-10,"1 dose",59,61
2021-05-10,"2 dose",2,61
2021-05-11,"2 dose",5,73
2021-05-11,"1 dose",68,73
2021-05-12,"1 dose",64,65
2021-05-12,"2 dose",1,65
2021-05-13,"1 dose",76,81
2021-05-13,"2 dose",5,81
2021-05-14,"2 dose",2,55
2021-05-14,"1 dose",53,55
2021-05-15,"1 dose",62,63
2021-05-15,"2 dose",1,63
2021-05-16,"2 dose",3,45
2021-05-16,"1 dose",42,45
2021-05-17,"2 dose",2,29
2021-05-17,"1 dose",27,29
2021-05-18,"1 dose",34,38
2021-05-18,"2 dose",4,38
2021-05-19,"2 dose",2,39
2021-05-19,"1 dose",37,39
2021-05-20,"1 dose",53,56
2021-05-20,"2 dose",3,56
2021-05-21,"1 dose",60,61
2021-05-21,"2 dose",1,61
2021-05-22,"1 dose",46,46
2021-05-23,"1 dose",33,34
2021-05-23,"2 dose",1,34
2021-05-24,"1 dose",44,44
2021-05-25,"1 dose",46,48
2021-05-25,"2 dose",2,48
2021-05-26,"1 dose",47,47
2021-05-27,"2 dose",4,74
2021-05-27,"1 dose",70,74
2021-05-28,"2 dose",4,59
2021-05-28,"1 dose",55,59
2021-05-29,"1 dose",33,36
2021-05-29,"2 dose",3,36
2021-05-30,"2 dose",1,30
2021-05-30,"1 dose",29,30
2021-05-31,"1 dose",43,43
2021-06-01,"1 dose",30,32
2021-06-01,"2 dose",2,32
2021-06-02,"2 dose",4,49
2021-06-02,"1 dose",45,49
2021-06-03,"1 dose",50,51
2021-06-03,"2 dose",1,51
2021-06-04,"2 dose",4,63
2021-06-04,"1 dose",59,63
2021-06-05,"2 dose",5,45
2021-06-05,"1 dose",40,45
2021-06-06,"2 dose",5,35
2021-06-06,"1 dose",30,35
2021-06-07,"1 dose",27,29
2021-06-07,"2 dose",2,29
2021-06-08,"1 dose",38,42
2021-06-08,"2 dose",4,42
2021-06-09,"2 dose",5,54
2021-06-09,"1 dose",49,54
2021-06-10,"2 dose",6,41
2021-06-10,"1 dose",35,41
2021-06-11,"2 dose",5,55
2021-06-11,"1 dose",50,55
2021-06-12,"1 dose",40,43
2021-06-12,"2 dose",3,43
2021-06-13,"1 dose",38,39
2021-06-13,"2 dose",1,39
2021-06-14,"2 dose",1,25
2021-06-14,"1 dose",24,25
2021-06-15,"1 dose",39,44
2021-06-15,"2 dose",5,44
2021-06-16,"1 dose",36,43
2021-06-16,"2 dose",7,43
2021-06-17,"2 dose",4,48
2021-06-17,"1 dose",44,48
2021-06-18,"2 dose",4,40
2021-06-18,"1 dose",36,40
2021-06-19,"2 dose",2,37
2021-06-19,"1 dose",35,37
2021-06-20,"2 dose",3,38
2021-06-20,"1 dose",35,38
2021-06-21,"1 dose",30,32
2021-06-21,"2 dose",2,32
2021-06-22,"2 dose",4,46
2021-06-22,"1 dose",42,46
2021-06-23,"1 dose",42,47
2021-06-23,"2 dose",5,47
2021-06-24,"2 dose",3,42
2021-06-24,"1 dose",39,42
2021-06-25,"1 dose",38,42
2021-06-25,"2 dose",4,42
2021-06-26,"1 dose",45,47
2021-06-26,"2 dose",2,47
2021-06-27,"1 dose",28,28
2021-06-28,"2 dose",1,43
2021-06-28,"1 dose",42,43
2021-06-29,"2 dose",1,46
2021-06-29,"1 dose",45,46
2021-06-30,"1 dose",26,29
2021-06-30,"2 dose",3,29
2021-07-01,"1 dose",24,29
2021-07-01,"2 dose",5,29
2021-07-02,"1 dose",34,37
2021-07-02,"2 dose",3,37
2021-07-03,"2 dose",1,27
2021-07-03,"1 dose",26,27
2021-07-04,"2 dose",3,16
2021-07-04,"1 dose",13,16
2021-07-05,"2 dose",3,18
2021-07-05,"1 dose",15,18
2021-07-06,"2 dose",2,28
2021-07-06,"1 dose",26,28
2021-07-07,"1 dose",34,34
2021-07-08,"2 dose",2,18
2021-07-08,"1 dose",16,18
2021-07-09,"1 dose",13,15
2021-07-09,"2 dose",2,15
2021-07-10,"1 dose",19,21
2021-07-10,"2 dose",2,21
2021-07-11,"1 dose",17,17
2021-07-12,"1 dose",14,15
2021-07-12,"2 dose",1,15
2021-07-13,"1 dose",12,14
2021-07-13,"2 dose",2,14
2021-07-14,"1 dose",19,22
2021-07-14,"2 dose",3,22
2021-07-15,"1 dose",13,15
2021-07-15,"2 dose",2,15
2021-07-16,"1 dose",9,13
2021-07-16,"2 dose",4,13
2021-07-17,"1 dose",19,19
2021-07-18,"1 dose",10,10
2021-07-19,"1 dose",9,10
2021-07-19,"2 dose",1,10
2021-07-20,"1 dose",11,13
2021-07-20,"2 dose",2,13
2021-07-21,"1 dose",9,10
2021-07-21,"2 dose",1,10
2021-07-22,"2 dose",1,11
2021-07-22,"1 dose",10,11
2021-07-23,"1 dose",8,9
2021-07-23,"2 dose",1,9
2021-07-24,"1 dose",6,7
2021-07-24,"2 dose",1,7
2021-07-25,"2 dose",1,9
2021-07-25,"1 dose",8,9
2021-07-26,"1 dose",8,8
2021-07-27,"1 dose",6,8
2021-07-27,"2 dose",2,8
2021-07-28,"1 dose",8,9
2021-07-28,"2 dose",1,9
2021-07-29,"1 dose",10,10
2021-07-30,"2 dose",4,11
2021-07-30,"1 dose",7,11
2021-07-31,"1 dose",7,7
2021-08-01,"1 dose",4,5
2021-08-02,"2 dose",2,6
2021-08-02,"1 dose",4,6
2021-08-03,"1 dose",9,10
2021-08-03,"2 dose",1,10
2021-08-04,"1 dose",10,12
2021-08-04,"2 dose",2,12
2021-08-05,"1 dose",6,7
2021-08-05,"2 dose",1,7
2021-08-06,"1 dose",11,14
2021-08-06,"2 dose",3,14
2021-08-07,"1 dose",7,10
2021-08-07,"2 dose",3,10
2021-08-08,"1 dose",5,6
2021-08-08,"2 dose",1,6
2021-08-09,"1 dose",12,12
2021-08-10,"2 dose",2,21
2021-08-10,"1 dose",19,21
2021-08-11,"1 dose",15,15
2021-08-12,"2 dose",5,18
2021-08-12,"1 dose",13,18
2021-08-13,"1 dose",19,23
2021-08-13,"2 dose",4,23
2021-08-14,"2 dose",1,10
2021-08-14,"1 dose",9,10
2021-08-15,"1 dose",12,13
2021-08-15,"2 dose",1,13
2021-08-16,"1 dose",14,14
2021-08-17,"2 dose",1,14
2021-08-17,"1 dose",13,14
2021-08-18,"1 dose",13,15
2021-08-18,"2 dose",2,15
2021-08-19,"1 dose",15,15
2021-08-20,"1 dose",16,17
2021-08-20,"2 dose",1,17
2021-08-21,"2 dose",1,18
2021-08-21,"1 dose",17,18
2021-08-22,"1 dose",16,20
2021-08-22,"2 dose",4,20
2021-08-23,"1 dose",22,25
2021-08-23,"2 dose",3,25
2021-08-24,"1 dose",14,17
2021-08-24,"2 dose",3,17
2021-08-25,"2 dose",1,14
2021-08-25,"1 dose",13,14
2021-08-26,"1 dose",13,15
2021-08-26,"2 dose",2,15
2021-08-27,"2 dose",1,6
2021-08-27,"1 dose",5,6
2021-08-28,"2 dose",4,9
2021-08-28,"1 dose",5,9
2021-08-29,"1 dose",6,7
2021-08-29,"2 dose",1,7
2021-08-30,"1 dose",4,5
2021-08-31,"1 dose",6,8
2021-08-31,"2 dose",2,8
2021-09-01,"1 dose",9,12
2021-09-01,"2 dose",3,12
2021-09-02,"2 dose",2,13
2021-09-02,"1 dose",11,13
2021-09-03,"2 dose",1,7
2021-09-03,"1 dose",6,7
2021-09-04,"1 dose",7,8
2021-09-04,"2 dose",1,8
2021-09-05,"1 dose",9,10
2021-09-05,"2 dose",1,10
2021-09-06,"2 dose",2,5
2021-09-06,"1 dose",3,5
2021-09-07,"1 dose",5,5
2021-09-08,"1 dose",5,5
2021-09-09,"1 dose",7,9
2021-09-09,"2 dose",2,9
2021-09-10,"1 dose",6,9
2021-09-10,"2 dose",3,9
2021-09-11,"1 dose",5,5
2021-09-12,"1 dose",6,8
2021-09-12,"2 dose",2,8
2021-09-13,"1 dose",9,10
2021-09-13,"2 dose",1,10
2021-09-14,"1 dose",7,9
2021-09-14,"2 dose",2,9
2021-09-15,"2 dose",4,11
2021-09-15,"1 dose",7,11
2021-09-16,"1 dose",7,10
2021-09-16,"2 dose",3,10
2021-09-17,"1 dose",6,11
2021-09-17,"2 dose",5,11
2021-09-18,"1 dose",7,11
2021-09-18,"2 dose",4,11
2021-09-19,"1 dose",1,5
2021-09-19,"2 dose",1,5
2021-09-20,"2 dose",14,17
2021-09-20,"1 dose",3,17
2021-09-21,"1 dose",6,29
2021-09-21,"2 dose",23,29
2021-09-22,"1 dose",4,20
2021-09-22,"2 dose",16,20
2021-09-23,"1 dose",3,27
2021-09-23,"2 dose",24,27
2021-09-24,"1 dose",12,37
2021-09-24,"2 dose",25,37
2021-09-25,"2 dose",18,32
2021-09-25,"1 dose",14,32
2021-09-26,"3 dose",1,24
2021-09-26,"2 dose",14,24
2021-09-26,"1 dose",9,24
2021-09-27,"2 dose",37,44
2021-09-27,"1 dose",7,44
2021-09-28,"3 dose",1,47
2021-09-28,"1 dose",5,47
2021-09-28,"2 dose",41,47
2021-09-29,"2 dose",37,46
2021-09-29,"1 dose",9,46
2021-09-30,"3 dose",1,65
2021-09-30,"1 dose",11,65
2021-09-30,"2 dose",53,65
2021-10-01,"1 dose",12,55
2021-10-01,"3 dose",1,55
2021-10-01,"2 dose",42,55
2021-10-02,"2 dose",33,60
2021-10-02,"1 dose",27,60
2021-10-03,"2 dose",14,36
2021-10-03,"1 dose",22,36
2021-10-04,"1 dose",13,49
2021-10-04,"2 dose",36,49
2021-10-05,"2 dose",43,52
2021-10-05,"1 dose",9,52
2021-10-06,"2 dose",69,85
2021-10-06,"1 dose",16,85
2021-10-07,"1 dose",12,69
2021-10-07,"2 dose",57,69
2021-10-08,"2 dose",60,67
2021-10-08,"1 dose",7,67
2021-10-09,"1 dose",22,62
2021-10-09,"2 dose",40,62
2021-10-10,"1 dose",20,41
2021-10-10,"2 dose",21,41
2021-10-11,"1 dose",9,65
2021-10-11,"2 dose",56,65
2021-10-12,"1 dose",12,75
2021-10-12,"2 dose",63,75
2021-10-13,"2 dose",61,67
2021-10-13,"1 dose",6,67
2021-10-14,"1 dose",10,68
2021-10-14,"2 dose",58,68
2021-10-15,"1 dose",17,66
2021-10-15,"2 dose",49,66
2021-10-16,"2 dose",67,82
2021-10-16,"1 dose",15,82
2021-10-17,"2 dose",46,57
2021-10-17,"1 dose",11,57
2021-10-18,"2 dose",82,93
2021-10-18,"1 dose",11,93
2021-10-19,"3 dose",1,82
2021-10-19,"1 dose",11,82
2021-10-19,"2 dose",70,82
2021-10-20,"1 dose",4,84
2021-10-20,"2 dose",80,84
2021-10-21,"1 dose",11,99
2021-10-21,"2 dose",88,99
2021-10-22,"2 dose",80,86
2021-10-22,"1 dose",6,86
2021-10-23,"1 dose",15,112
2021-10-23,"2 dose",97,112
2021-10-24,"3 dose",2,85
2021-10-24,"2 dose",69,85
2021-10-24,"1 dose",14,85
2021-10-25,"2 dose",69,72
2021-10-25,"1 dose",3,72
2021-10-26,"2 dose",74,85
2021-10-26,"1 dose",11,85
2021-10-27,"1 dose",7,104
2021-10-27,"2 dose",97,104
2021-10-28,"1 dose",9,99
2021-10-28,"3 dose",1,99
2021-10-28,"2 dose",89,99
2021-10-29,"2 dose",86,93
2021-10-29,"3 dose",1,93
2021-10-29,"1 dose",6,93
2021-10-30,"2 dose",92,102
2021-10-30,"1 dose",10,102
2021-10-31,"2 dose",48,58
2021-10-31,"3 dose",1,58
2021-10-31,"1 dose",9,58
2021-11-01,"3 dose",1,82
2021-11-01,"1 dose",7,82
2021-11-01,"2 dose",74,82
2021-11-02,"2 dose",82,89
2021-11-02,"1 dose",7,89
2021-11-03,"1 dose",3,88
2021-11-03,"2 dose",85,88
2021-11-04,"2 dose",106,114
2021-11-04,"1 dose",8,114
2021-11-05,"2 dose",114,118
2021-11-05,"1 dose",3,118
2021-11-05,"3 dose",1,118
2021-11-06,"1 dose",4,99
2021-11-06,"2 dose",95,99
2021-11-07,"1 dose",1,53
2021-11-07,"3 dose",1,53
2021-11-07,"2 dose",51,53
2021-11-08,"3 dose",2,84
2021-11-08,"1 dose",8,84
2021-11-08,"2 dose",74,84
2021-11-09,"3 dose",1,110
2021-11-09,"1 dose",7,110
2021-11-09,"2 dose",102,110
2021-11-10,"1 dose",6,102
2021-11-10,"2 dose",95,102
2021-11-10,"3 dose",1,102
2021-11-11,"2 dose",99,110
2021-11-11,"1 dose",9,110
2021-11-11,"3 dose",2,110
2021-11-12,"1 dose",6,94
2021-11-12,"2 dose",85,94
2021-11-12,"3 dose",3,94
2021-11-13,"2 dose",86,93
2021-11-13,"1 dose",7,93
2021-11-14,"2 dose",55,69
2021-11-14,"3 dose",2,69
2021-11-14,"1 dose",12,69
2021-11-15,"1 dose",7,70
2021-11-15,"2 dose",62,70
2021-11-15,"3 dose",1,70
2021-11-16,"1 dose",4,110
2021-11-16,"2 dose",103,110
2021-11-16,"3 dose",3,110
2021-11-17,"1 dose",22,124
2021-11-17,"3 dose",1,124
2021-11-17,"2 dose",101,124
2021-11-18,"2 dose",103,113
2021-11-18,"3 dose",3,113
2021-11-18,"1 dose",7,113
2021-11-19,"2 dose",79,85
2021-11-19,"3 dose",1,85
2021-11-19,"1 dose",5,85
2021-11-20,"3 dose",3,102
2021-11-20,"2 dose",96,102
2021-11-20,"1 dose",3,102
2021-11-21,"1 dose",2,58
2021-11-21,"2 dose",56,58
2021-11-22,"2 dose",74,80
2021-11-22,"1 dose",6,80
2021-11-23,"2 dose",99,104
2021-11-23,"1 dose",4,104
2021-11-23,"3 dose",1,104
2021-11-24,"3 dose",2,107
2021-11-24,"2 dose",103,107
2021-11-24,"1 dose",2,107
2021-11-25,"3 dose",3,106
2021-11-25,"1 dose",6,106
2021-11-25,"2 dose",97,106
2021-11-26,"1 dose",5,89
2021-11-26,"3 dose",3,89
2021-11-26,"2 dose",81,89
2021-11-27,"1 dose",8,102
2021-11-27,"3 dose",2,102
2021-11-27,"2 dose",92,102
2021-11-28,"2 dose",71,80
2021-11-28,"1 dose",5,80
2021-11-28,"3 dose",4,80
2021-11-29,"1 dose",10,99
2021-11-29,"2 dose",89,99
2021-11-30,"1 dose",8,123
2021-11-30,"2 dose",113,123
2021-11-30,"3 dose",2,123
2021-12-01,"3 dose",4,103
2021-12-01,"1 dose",3,103
2021-12-01,"2 dose",96,103
2021-12-02,"3 dose",1,107
2021-12-02,"2 dose",102,107
2021-12-02,"1 dose",4,107
2021-12-03,"2 dose",81,86
2021-12-03,"3 dose",2,86
2021-12-03,"1 dose",3,86
2021-12-04,"1 dose",7,116
2021-12-04,"2 dose",109,116
2021-12-05,"2 dose",77,92
2021-12-05,"3 dose",3,92
2021-12-05,"1 dose",12,92
2021-12-06,"1 dose",3,104
2021-12-06,"2 dose",98,104
2021-12-06,"3 dose",3,104
2021-12-07,"1 dose",6,109
2021-12-07,"2 dose",101,109
2021-12-07,"3 dose",2,109
2021-12-08,"2 dose",109,119
2021-12-08,"3 dose",3,119
2021-12-08,"1 dose",7,119
2021-12-09,"1 dose",6,125
2021-12-09,"2 dose",115,125
2021-12-09,"3 dose",4,125
2021-12-10,"1 dose",8,108
2021-12-10,"3 dose",2,108
2021-12-10,"2 dose",98,108
2021-12-11,"2 dose",120,126
2021-12-11,"1 dose",6,126
2021-12-12,"1 dose",8,104
2021-12-12,"3 dose",6,104
2021-12-12,"2 dose",90,104
2021-12-13,"2 dose",118,134
2021-12-13,"3 dose",5,134
2021-12-13,"1 dose",11,134
2021-12-14,"1 dose",9,170
2021-12-14,"2 dose",157,170
2021-12-14,"3 dose",4,170
2021-12-15,"2 dose",174,195
2021-12-15,"1 dose",17,195
2021-12-15,"3 dose",4,195
2021-12-16,"3 dose",4,191
2021-12-16,"1 dose",10,191
2021-12-16,"2 dose",177,191
2021-12-17,"3 dose",16,202
2021-12-17,"2 dose",176,202
2021-12-17,"1 dose",10,202
2021-12-18,"2 dose",163,173
2021-12-18,"1 dose",8,173
2021-12-18,"3 dose",2,173
2021-12-19,"2 dose",175,187
2021-12-19,"1 dose",8,187
2021-12-19,"3 dose",4,187
2021-12-20,"2 dose",205,219
2021-12-20,"1 dose",10,219
2021-12-20,"3 dose",4,219
2021-12-21,"2 dose",217,226
2021-12-21,"3 dose",2,226
2021-12-21,"1 dose",7,226
2021-12-22,"2 dose",247,269
2021-12-22,"3 dose",8,269
2021-12-22,"1 dose",14,269
2021-12-23,"2 dose",188,206
2021-12-23,"3 dose",8,206
2021-12-23,"1 dose",10,206
2021-12-24,"1 dose",3,47
2021-12-24,"2 dose",44,47
2021-12-27,"1 dose",4,96
2021-12-27,"3 dose",3,96
2021-12-27,"2 dose",89,96
2021-12-28,"1 dose",11,130
2021-12-28,"2 dose",117,130
2021-12-28,"3 dose",2,130
2021-12-29,"1 dose",8,128
2021-12-29,"2 dose",113,128
2021-12-29,"3 dose",7,128
2021-12-30,"2 dose",145,158
2021-12-30,"1 dose",6,158
2021-12-30,"3 dose",7,158
2021-12-31,"2 dose",38,43
2021-12-31,"3 dose",2,43
2021-12-31,"1 dose",3,43
2022-01-02,"2 dose",7,8
2022-01-02,"1 dose",1,8
2022-01-03,"2 dose",53,62
2022-01-03,"1 dose",8,62
2022-01-03,"3 dose",1,62
2022-01-04,"3 dose",3,89
2022-01-04,"2 dose",78,89
2022-01-04,"1 dose",8,89
2022-01-05,"3 dose",5,109
2022-01-05,"2 dose",92,109
2022-01-05,"1 dose",12,109
2022-01-06,"3 dose",2,79
2022-01-06,"1 dose",6,79
2022-01-06,"2 dose",71,79
2022-01-07,"2 dose",66,78
2022-01-07,"1 dose",6,78
2022-01-07,"3 dose",6,78
2022-01-08,"3 dose",1,56
2022-01-08,"2 dose",48,56
2022-01-08,"1 dose",7,56
2022-01-09,"2 dose",45,50
2022-01-09,"3 dose",2,50
2022-01-09,"1 dose",3,50
2022-01-10,"2 dose",53,68
2022-01-10,"3 dose",8,68
2022-01-10,"1 dose",7,68
2022-01-11,"3 dose",5,65
2022-01-11,"1 dose",1,65
2022-01-11,"2 dose",59,65
2022-01-12,"3 dose",5,53
2022-01-12,"2 dose",44,53
2022-01-12,"1 dose",4,53
2022-01-13,"1 dose",6,41
2022-01-13,"2 dose",28,41
2022-01-13,"3 dose",7,41
2022-01-14,"2 dose",34,40
2022-01-14,"1 dose",4,40
2022-01-14,"3 dose",2,40
2022-01-15,"2 dose",36,36
2022-01-16,"1 dose",5,34
2022-01-16,"2 dose",28,34
2022-01-16,"3 dose",1,34
2022-01-17,"1 dose",5,34
2022-01-17,"2 dose",19,34
2022-01-17,"3 dose",10,34
2022-01-18,"1 dose",3,28
2022-01-18,"3 dose",1,28
2022-01-18,"2 dose",24,28
2022-01-19,"1 dose",2,20
2022-01-19,"2 dose",17,20
2022-01-19,"3 dose",1,20
2022-01-20,"1 dose",5,25
2022-01-20,"3 dose",2,25
2022-01-20,"2 dose",18,25
2022-01-21,"3 dose",4,34
2022-01-21,"1 dose",6,34
2022-01-21,"2 dose",24,34
2022-01-22,"1 dose",10,24
2022-01-22,"2 dose",13,24
2022-01-22,"3 dose",1,24
2022-01-23,"2 dose",23,29
2022-01-23,"3 dose",1,29
2022-01-23,"1 dose",5,29
2022-01-24,"2 dose",17,28
2022-01-24,"1 dose",5,28
2022-01-24,"3 dose",6,28
2022-01-25,"2 dose",18,24
2022-01-25,"3 dose",3,24
2022-01-25,"1 dose",3,24
2022-01-26,"3 dose",3,26
2022-01-26,"1 dose",4,26
2022-01-26,"2 dose",19,26
2022-01-27,"2 dose",12,14
2022-01-27,"1 dose",2,14
2022-01-28,"1 dose",4,21
2022-01-28,"2 dose",14,21
2022-01-28,"3 dose",3,21
2022-01-29,"2 dose",14,23
2022-01-29,"3 dose",2,23
2022-01-29,"1 dose",7,23
2022-01-30,"2 dose",14,20
2022-01-30,"1 dose",6,20
2022-01-31,"3 dose",2,23
2022-01-31,"1 dose",2,23
2022-01-31,"2 dose",19,23
2022-02-01,"3 dose",5,29
2022-02-01,"2 dose",19,29
2022-02-01,"1 dose",5,29
2022-02-02,"3 dose",8,32
2022-02-02,"2 dose",15,32
2022-02-02,"1 dose",9,32
2022-02-03,"2 dose",15,20
2022-02-03,"4 dose",1,20
2022-02-03,"1 dose",2,20
2022-02-03,"3 dose",2,20
2022-02-04,"2 dose",11,16
2022-02-04,"3 dose",1,16
2022-02-04,"1 dose",4,16
2022-02-05,"3 dose",3,18
2022-02-05,"1 dose",6,18
2022-02-05,"2 dose",9,18
2022-02-06,"1 dose",2,10
2022-02-06,"2 dose",7,10
2022-02-06,"3 dose",1,10
2022-02-07,"1 dose",2,12
2022-02-07,"2 dose",8,12
2022-02-07,"3 dose",2,12
2022-02-08,"2 dose",15,22
2022-02-08,"1 dose",4,22
2022-02-08,"3 dose",3,22
2022-02-09,"1 dose",1,12
2022-02-09,"3 dose",3,12
2022-02-09,"2 dose",8,12
2022-02-10,"3 dose",3,12
2022-02-10,"2 dose",7,12
2022-02-10,"1 dose",2,12
2022-02-11,"3 dose",3,25
2022-02-11,"2 dose",22,25
2022-02-12,"1 dose",3,23
2022-02-12,"3 dose",1,23
2022-02-12,"2 dose",19,23
2022-02-13,"2 dose",10,14
2022-02-13,"1 dose",3,14
2022-02-13,"3 dose",1,14
2022-02-14,"1 dose",1,12
2022-02-14,"3 dose",2,12
2022-02-14,"2 dose",9,12
2022-02-15,"1 dose",2,26
2022-02-15,"3 dose",5,26
2022-02-15,"2 dose",19,26
2022-02-16,"2 dose",5,10
2022-02-16,"4 dose",1,10
2022-02-16,"1 dose",4,10
2022-02-17,"2 dose",12,17
2022-02-17,"3 dose",3,17
2022-02-17,"1 dose",2,17
2022-02-18,"2 dose",4,6
2022-02-18,"1 dose",2,6
2022-02-19,"1 dose",1,18
2022-02-19,"3 dose",3,18
2022-02-19,"2 dose",14,18
2022-02-20,"3 dose",2,10
2022-02-20,"1 dose",3,10
2022-02-20,"2 dose",5,10
2022-02-21,"3 dose",3,11
2022-02-21,"1 dose",2,11
2022-02-21,"2 dose",6,11
2022-02-22,"1 dose",1,15
2022-02-22,"3 dose",4,15
2022-02-22,"2 dose",10,15
2022-02-23,"2 dose",7,8
2022-02-23,"3 dose",1,8
2022-02-24,"2 dose",7,8
2022-02-24,"3 dose",1,8
2022-02-25,"2 dose",10,14
2022-02-25,"1 dose",4,14
2022-02-26,"2 dose",4,8
2022-02-26,"3 dose",2,8
2022-02-26,"1 dose",2,8
2022-02-27,"3 dose",1,8
2022-02-27,"1 dose",1,8
2022-02-27,"2 dose",6,8
2022-02-28,"2 dose",6,9
2022-02-28,"1 dose",1,9
2022-02-28,"3 dose",2,9
2022-03-01,"1 dose",1,11
2022-03-01,"3 dose",1,11
2022-03-01,"2 dose",9,11
2022-03-02,"2 dose",8,9
2022-03-02,"3 dose",1,9
2022-03-03,"3 dose",1,6
2022-03-03,"2 dose",4,6
2022-03-03,"1 dose",1,6
2022-03-04,"3 dose",2,11
2022-03-04,"4 dose",1,11
2022-03-04,"1 dose",3,11
2022-03-04,"2 dose",5,11
2022-03-05,"1 dose",1,9
2022-03-05,"2 dose",6,9
2022-03-05,"3 dose",2,9
2022-03-06,"1 dose",2,7
2022-03-06,"2 dose",4,7
2022-03-06,"3 dose",1,7
2022-03-07,"3 dose",1,7
2022-03-07,"2 dose",6,7
2022-03-08,"2 dose",7,9
2022-03-08,"1 dose",1,9
2022-03-08,"3 dose",1,9
2022-03-09,"2 dose",7,11
2022-03-09,"1 dose",2,11
2022-03-09,"3 dose",2,11
2022-03-10,"3 dose",4,7
2022-03-10,"1 dose",1,7
2022-03-10,"2 dose",2,7
2022-03-11,"2 dose",8,13
2022-03-11,"3 dose",3,13
2022-03-11,"1 dose",2,13
2022-03-12,"2 dose",4,10
2022-03-12,"1 dose",4,10
2022-03-12,"3 dose",2,10
2022-03-13,"3 dose",3,6
2022-03-13,"1 dose",1,6
2022-03-13,"2 dose",2,6
2022-03-14,"2 dose",5,9
2022-03-14,"3 dose",2,9
2022-03-14,"1 dose",2,9
2022-03-15,"3 dose",4,9
2022-03-15,"2 dose",5,9
2022-03-16,"3 dose",4,8
2022-03-16,"1 dose",1,8
2022-03-16,"2 dose",3,8
2022-03-17,"3 dose",3,5
2022-03-17,"2 dose",2,5
2022-03-18,"2 dose",3,8
2022-03-18,"1 dose",1,8
2022-03-18,"3 dose",4,8
2022-03-19,"2 dose",2,15
2022-03-19,"3 dose",5,15
2022-03-19,"1 dose",8,15
2022-03-20,"3 dose",1,7
2022-03-20,"2 dose",2,7
2022-03-20,"1 dose",4,7
2022-03-21,"2 dose",4,10
2022-03-21,"1 dose",5,10
2022-03-21,"3 dose",1,10
2022-03-22,"1 dose",2,5
2022-03-22,"3 dose",1,5
2022-03-22,"2 dose",2,5
2022-03-23,"1 dose",3,9
2022-03-23,"3 dose",3,9
2022-03-23,"2 dose",2,9
2022-03-23,"4 dose",1,9
2022-03-24,"1 dose",3,12
2022-03-24,"3 dose",5,12
2022-03-24,"2 dose",4,12
2022-03-25,"3 dose",4,10
2022-03-25,"1 dose",2,10
2022-03-25,"2 dose",4,10
2022-03-26,"1 dose",10,12
2022-03-26,"3 dose",1,12
2022-03-26,"2 dose",1,12
2022-03-27,"3 dose",2,10
2022-03-27,"1 dose",7,10
2022-03-27,"2 dose",1,10
2022-03-28,"3 dose",25,31
2022-03-28,"2 dose",6,31
2022-03-29,"3 dose",19,22
2022-03-29,"2 dose",3,22
2022-03-30,"3 dose",26,28
2022-03-30,"2 dose",1,28
2022-03-30,"1 dose",1,28
2022-03-31,"1 dose",2,19
2022-03-31,"2 dose",4,19
2022-03-31,"3 dose",13,19
2022-04-01,"1 dose",1,23
2022-04-01,"2 dose",3,23
2022-04-01,"3 dose",19,23
2022-04-02,"2 dose",6,30
2022-04-02,"3 dose",11,30
2022-04-02,"4 dose",1,30
2022-04-02,"1 dose",12,30
2022-04-03,"2 dose",3,12
2022-04-03,"1 dose",5,12
2022-04-03,"3 dose",4,12
2022-04-04,"3 dose",17,26
2022-04-04,"2 dose",2,26
2022-04-04,"1 dose",7,26
2022-04-05,"3 dose",13,23
2022-04-05,"2 dose",3,23
2022-04-05,"1 dose",7,23
2022-04-06,"1 dose",8,28
2022-04-06,"2 dose",3,28
2022-04-06,"3 dose",17,28
2022-04-07,"1 dose",3,23
2022-04-07,"3 dose",16,23
2022-04-07,"2 dose",4,23
2022-04-08,"3 dose",34,46
2022-04-08,"1 dose",3,46
2022-04-08,"2 dose",9,46
2022-04-09,"2 dose",4,32
2022-04-09,"1 dose",8,32
2022-04-09,"3 dose",20,32
2022-04-10,"3 dose",10,21
2022-04-10,"2 dose",4,21
2022-04-10,"1 dose",7,21
2022-04-11,"1 dose",4,48
2022-04-11,"3 dose",36,48
2022-04-11,"2 dose",8,48
2022-04-12,"1 dose",2,47
2022-04-12,"2 dose",5,47
2022-04-12,"3 dose",40,47
2022-04-13,"3 dose",37,44
2022-04-13,"2 dose",4,44
2022-04-13,"1 dose",3,44
2022-04-14,"1 dose",1,36
2022-04-14,"3 dose",29,36
2022-04-14,"2 dose",3,36
2022-04-14,"4 dose",3,36
2022-04-15,"2 dose",1,22
2022-04-15,"1 dose",6,22
2022-04-15,"3 dose",15,22
2022-04-16,"1 dose",3,20
2022-04-16,"3 dose",16,20
2022-04-16,"4 dose",1,20
2022-04-17,"3 dose",16,20
2022-04-17,"2 dose",1,20
2022-04-17,"1 dose",3,20
2022-04-18,"3 dose",7,9
2022-04-18,"2 dose",1,9
2022-04-18,"1 dose",1,9
2022-04-19,"3 dose",40,52
2022-04-19,"1 dose",5,52
2022-04-19,"2 dose",7,52
2022-04-20,"2 dose",3,46
2022-04-20,"3 dose",40,46
2022-04-20,"4 dose",1,46
2022-04-20,"1 dose",2,46
2022-04-21,"1 dose",2,45
2022-04-21,"3 dose",39,45
2022-04-21,"4 dose",1,45
2022-04-21,"2 dose",3,45
2022-04-22,"1 dose",3,30
2022-04-22,"3 dose",27,30
2022-04-23,"1 dose",1,36
2022-04-23,"2 dose",3,36
2022-04-23,"3 dose",32,36
2022-04-24,"2 dose",5,25
2022-04-24,"3 dose",16,25
2022-04-24,"1 dose",4,25
2022-04-25,"1 dose",2,37
2022-04-25,"2 dose",5,37
2022-04-25,"4 dose",2,37
2022-04-25,"3 dose",28,37
2022-04-26,"1 dose",1,39
2022-04-26,"3 dose",31,39
2022-04-26,"2 dose",7,39
2022-04-27,"4 dose",2,35
2022-04-27,"2 dose",5,35
2022-04-27,"3 dose",28,35
2022-04-28,"1 dose",2,23
2022-04-28,"4 dose",1,23
2022-04-28,"2 dose",3,23
2022-04-28,"3 dose",17,23
2022-04-29,"2 dose",2,26
2022-04-29,"3 dose",23,26
2022-04-29,"4 dose",1,26
2022-04-30,"3 dose",15,25
2022-04-30,"2 dose",6,25
2022-04-30,"1 dose",3,25
2022-04-30,"4 dose",1,25
2022-05-01,"2 dose",2,12
2022-05-01,"1 dose",3,12
2022-05-01,"3 dose",7,12
2022-05-02,"2 dose",2,14
2022-05-02,"4 dose",1,14
2022-05-02,"3 dose",10,14
2022-05-02,"1 dose",1,14
2022-05-03,"2 dose",7,23
2022-05-03,"1 dose",1,23
2022-05-03,"4 dose",1,23
2022-05-03,"3 dose",14,23
2022-05-04,"1 dose",4,27
2022-05-04,"2 dose",4,27
2022-05-04,"3 dose",17,27
2022-05-04,"4 dose",2,27
2022-05-05,"4 dose",1,40
2022-05-05,"1 dose",5,40
2022-05-05,"2 dose",6,40
2022-05-05,"3 dose",28,40
2022-05-06,"2 dose",4,36
2022-05-06,"4 dose",4,36
2022-05-06,"3 dose",26,36
2022-05-06,"1 dose",2,36
2022-05-07,"4 dose",2,31
2022-05-07,"1 dose",3,31
2022-05-07,"2 dose",6,31
2022-05-07,"3 dose",20,31
2022-05-08,"2 dose",3,16
2022-05-08,"1 dose",6,16
2022-05-08,"3 dose",5,16
2022-05-08,"4 dose",2,16
2022-05-09,"4 dose",2,19
2022-05-09,"2 dose",5,19
2022-05-09,"3 dose",12,19
2022-05-10,"4 dose",4,28
2022-05-10,"3 dose",16,28
2022-05-10,"2 dose",4,28
2022-05-10,"1 dose",4,28
2022-05-11,"4 dose",1,29
2022-05-11,"2 dose",8,29
2022-05-11,"3 dose",20,29
2022-05-12,"2 dose",2,24
2022-05-12,"3 dose",18,24
2022-05-12,"1 dose",3,24
2022-05-12,"4 dose",1,24
2022-05-13,"4 dose",2,21
2022-05-13,"3 dose",16,21
2022-05-13,"2 dose",3,21
2022-05-14,"3 dose",17,20
2022-05-14,"2 dose",3,20
2022-05-15,"2 dose",2,12
2022-05-15,"1 dose",2,12
2022-05-15,"3 dose",8,12
2022-05-16,"4 dose",2,18
2022-05-16,"3 dose",12,18
2022-05-16,"2 dose",4,18
2022-05-17,"1 dose",3,30
2022-05-17,"2 dose",2,30
2022-05-17,"3 dose",24,30
2022-05-17,"4 dose",1,30
2022-05-18,"3 dose",31,37
2022-05-18,"2 dose",6,37
2022-05-19,"2 dose",4,22
2022-05-19,"4 dose",3,22
2022-05-19,"3 dose",14,22
2022-05-19,"1 dose",1,22
2022-05-20,"3 dose",8,14
2022-05-20,"1 dose",2,14
2022-05-20,"2 dose",4,14
2022-05-21,"2 dose",4,12
2022-05-21,"3 dose",6,12
2022-05-21,"1 dose",2,12
2022-05-22,"3 dose",4,10
2022-05-22,"1 dose",4,10
2022-05-22,"2 dose",2,10
2022-05-23,"3 dose",7,8
2022-05-23,"1 dose",1,8
2022-05-24,"3 dose",8,14
2022-05-24,"2 dose",6,14
2022-05-25,"1 dose",2,16
2022-05-25,"2 dose",3,16
2022-05-25,"3 dose",10,16
2022-05-25,"4 dose",1,16
2022-05-26,"2 dose",2,12
2022-05-26,"4 dose",1,12
2022-05-26,"3 dose",9,12
2022-05-27,"2 dose",1,10
2022-05-27,"3 dose",9,10
2022-05-28,"3 dose",2,8
2022-05-28,"2 dose",2,8
2022-05-28,"1 dose",4,8
2022-05-29,"3 dose",3,7
2022-05-29,"2 dose",2,7
2022-05-29,"1 dose",2,7
2022-05-30,"3 dose",10,12
2022-05-30,"4 dose",2,12
2022-05-31,"3 dose",12,15
2022-05-31,"1 dose",2,15
2022-05-31,"4 dose",1,15
2022-06-01,"1 dose",1,12
2022-06-01,"2 dose",3,12
2022-06-01,"3 dose",7,12
2022-06-01,"4 dose",1,12
2022-06-02,"2 dose",1,9
2022-06-02,"1 dose",1,9
2022-06-02,"3 dose",6,9
2022-06-02,"4 dose",1,9
2022-06-03,"2 dose",1,5
2022-06-04,"2 dose",1,8
2022-06-04,"3 dose",4,8
2022-06-04,"1 dose",3,8
2022-06-05,"4 dose",1,5
2022-06-05,"3 dose",2,5
2022-06-05,"2 dose",1,5
2022-06-06,"3 dose",7,12
2022-06-06,"4 dose",1,12
2022-06-06,"2 dose",3,12
2022-06-06,"1 dose",1,12
2022-06-07,"3 dose",3,9
2022-06-07,"2 dose",5,9
2022-06-07,"4 dose",1,9
2022-06-08,"2 dose",2,8
2022-06-08,"4 dose",1,8
2022-06-08,"3 dose",5,8
2022-06-09,"4 dose",2,14
2022-06-09,"3 dose",9,14
2022-06-09,"1 dose",1,14
2022-06-09,"2 dose",2,14
2022-06-10,"2 dose",3,9
2022-06-10,"4 dose",1,9
2022-06-10,"3 dose",5,9
2022-06-11,"2 dose",1,7
2022-06-11,"3 dose",6,7
2022-06-12,"3 dose",1,6
2022-06-12,"1 dose",2,6
2022-06-12,"2 dose",3,6
2022-06-13,"3 dose",4,5
2022-06-13,"4 dose",1,5
2022-06-14,"4 dose",1,7
2022-06-14,"3 dose",2,7
2022-06-14,"5 dose",1,7
2022-06-14,"1 dose",2,7
2022-06-14,"2 dose",1,7
2022-06-15,"1 dose",1,14
2022-06-15,"3 dose",11,14
2022-06-15,"2 dose",2,14
2022-06-16,"3 dose",4,8
2022-06-16,"4 dose",1,8
2022-06-16,"2 dose",3,8
2022-06-17,"1 dose",1,11
2022-06-17,"3 dose",7,11
2022-06-17,"4 dose",3,11
2022-06-18,"4 dose",2,17
2022-06-18,"3 dose",3,17
2022-06-18,"1 dose",7,17
2022-06-18,"2 dose",5,17
2022-06-19,"3 dose",1,5
2022-06-19,"2 dose",1,5
2022-06-19,"1 dose",2,5
2022-06-20,"1 dose",6,13
2022-06-20,"3 dose",4,13
2022-06-20,"2 dose",2,13
2022-06-20,"4 dose",1,13
2022-06-21,"2 dose",2,10
2022-06-21,"1 dose",2,10
2022-06-21,"4 dose",1,10
2022-06-21,"3 dose",5,10
2022-06-22,"4 dose",2,9
2022-06-22,"2 dose",3,9
2022-06-22,"3 dose",3,9
2022-06-22,"1 dose",1,9
2022-06-23,"4 dose",1,7
2022-06-23,"2 dose",3,7
2022-06-23,"3 dose",3,7
2022-06-24,"3 dose",3,5
2022-06-24,"2 dose",2,5
2022-06-25,"1 dose",4,11
2022-06-25,"4 dose",2,11
2022-06-25,"2 dose",5,11
2022-06-26,"2 dose",2,6
2022-06-26,"1 dose",2,6
2022-06-26,"3 dose",2,6
2022-06-27,"1 dose",5,15
2022-06-27,"2 dose",3,15
2022-06-27,"3 dose",3,15
2022-06-27,"4 dose",4,15
2022-06-28,"2 dose",2,8
2022-06-28,"3 dose",5,8
2022-06-28,"1 dose",1,8
2022-06-29,"4 dose",1,5
2022-06-29,"1 dose",1,5
2022-06-29,"2 dose",2,5
2022-06-29,"3 dose",1,5
2022-06-30,"4 dose",3,17
2022-06-30,"1 dose",1,17
2022-06-30,"3 dose",7,17
2022-06-30,"2 dose",6,17
2022-07-01,"3 dose",2,5
2022-07-02,"2 dose",4,8
2022-07-02,"1 dose",4,8
2022-07-03,"1 dose",1,5
2022-07-03,"2 dose",1,5
2022-07-03,"3 dose",1,5
2022-07-03,"4 dose",1,5
2022-07-04,"3 dose",2,5
2022-07-04,"1 dose",1,5
2022-07-04,"2 dose",2,5
2022-07-05,"2 dose",4,5
2022-07-05,"4 dose",1,5
2022-07-06,"3 dose",1,5
2022-07-06,"2 dose",2,5
2022-07-07,"3 dose",3,7
2022-07-07,"2 dose",4,7
2022-07-08,"3 dose",2,6
2022-07-08,"1 dose",1,6
2022-07-08,"2 dose",2,6
2022-07-08,"5 dose",1,6
2022-07-09,"3 dose",2,8
2022-07-09,"2 dose",6,8
2022-07-10,"3 dose",1,5
2022-07-11,"1 dose",1,5
2022-07-11,"2 dose",2,5
2022-07-12,"3 dose",1,5
2022-07-12,"2 dose",4,5
2022-07-13,"2 dose",2,5
2022-07-13,"3 dose",2,5
2022-07-14,"2 dose",2,5
2022-07-14,"1 dose",2,5
2022-07-15,"3 dose",1,5
2022-07-15,"2 dose",2,5
2022-07-15,"4 dose",1,5
2022-07-16,"3 dose",1,9
2022-07-16,"1 dose",4,9
2022-07-16,"2 dose",4,9
2022-07-17,"1 dose",1,5
2022-07-17,"2 dose",2,5
2022-07-18,"2 dose",2,5
2022-07-18,"1 dose",1,5
2022-07-18,"3 dose",2,5
2022-07-19,"3 dose",2,5
2022-07-20,"2 dose",4,7
2022-07-20,"3 dose",1,7
2022-07-20,"4 dose",1,7
2022-07-20,"1 dose",1,7
2022-07-21,"2 dose",4,8
2022-07-21,"3 dose",1,8
2022-07-21,"1 dose",3,8
2022-07-22,"3 dose",2,5
2022-07-22,"1 dose",1,5
2022-07-22,"2 dose",2,5
2022-07-23,"2 dose",5,6
2022-07-23,"1 dose",1,6
2022-07-24,"2 dose",4,5
2022-07-24,"1 dose",1,5
2022-07-25,"1 dose",1,5
2022-07-26,"3 dose",1,5
2022-07-26,"2 dose",2,5
2022-07-27,"1 dose",1,5
2022-07-27,"3 dose",2,5
2022-07-27,"2 dose",1,5
2022-07-28,"1 dose",1,5
2022-07-28,"2 dose",1,5
2022-07-29,"2 dose",2,5
2022-07-30,"2 dose",1,5
2022-07-30,"1 dose",4,5
2022-08-01,"2 dose",2,5
2022-08-01,"3 dose",1,5
2022-08-02,"2 dose",2,5
2022-08-02,"1 dose",1,5
2022-08-03,"2 dose",1,5
2022-08-03,"1 dose",1,5
2022-08-05,"3 dose",2,5
2022-08-05,"1 dose",2,5
2022-08-06,"2 dose",1,5
2022-08-06,"1 dose",3,5
2022-08-07,"2 dose",4,5
2022-08-07,"3 dose",1,5
2022-08-08,"2 dose",2,5
2022-08-08,"1 dose",1,5
2022-08-09,"3 dose",1,5
2022-08-09,"1 dose",1,5
2022-08-10,"3 dose",2,5
2022-08-10,"2 dose",3,5
2022-08-11,"2 dose",2,5
2022-08-11,"3 dose",2,5
2022-08-12,"3 dose",1,5
2022-08-12,"2 dose",2,5
2022-08-13,"1 dose",2,5
2022-08-13,"3 dose",1,5
2022-08-13,"2 dose",2,5
2022-08-14,"4 dose",1,5
2022-08-14,"2 dose",1,5
2022-08-15,"1 dose",1,5
2022-08-15,"2 dose",1,5
2022-08-16,"1 dose",4,6
2022-08-16,"3 dose",1,6
2022-08-16,"2 dose",1,6
2022-08-17,"2 dose",3,5
2022-08-17,"1 dose",1,5
2022-08-18,"3 dose",1,5
2022-08-18,"2 dose",1,5
2022-08-20,"2 dose",3,6
2022-08-20,"1 dose",3,6
2022-08-21,"4 dose",1,5
2022-08-22,"1 dose",1,5
2022-08-22,"2 dose",1,5
2022-08-23,"2 dose",1,5
2022-08-24,"1 dose",1,5
2022-08-24,"2 dose",2,5
2022-08-26,"1 dose",1,5
2022-08-27,"2 dose",2,5
2022-08-28,"2 dose",1,5
2022-08-28,"1 dose",1,5
2022-08-29,"2 dose",1,5
2022-08-29,"1 dose",1,5
2022-08-30,"2 dose",1,5
2022-08-30,"1 dose",2,5
2022-08-31,"2 dose",2,5
2022-08-31,"1 dose",1,5
2022-09-01,"4 dose",1,9
2022-09-01,"2 dose",3,9
2022-09-01,"3 dose",5,9
2022-09-02,"4 dose",4,14
2022-09-02,"5 dose",1,14
2022-09-02,"1 dose",1,14
2022-09-02,"3 dose",5,14
2022-09-02,"2 dose",3,14
2022-09-03,"3 dose",3,12
2022-09-03,"4 dose",2,12
2022-09-03,"1 dose",1,12
2022-09-03,"2 dose",6,12
2022-09-04,"4 dose",1,5
2022-09-04,"3 dose",2,5
2022-09-04,"2 dose",1,5
2022-09-05,"3 dose",18,35
2022-09-05,"5 dose",5,35
2022-09-05,"2 dose",1,35
2022-09-05,"4 dose",11,35
2022-09-06,"5 dose",3,36
2022-09-06,"2 dose",3,36
2022-09-06,"3 dose",19,36
2022-09-06,"4 dose",11,36
2022-09-07,"2 dose",2,30
2022-09-07,"4 dose",9,30
2022-09-07,"1 dose",1,30
2022-09-07,"5 dose",1,30
2022-09-07,"3 dose",17,30
2022-09-08,"2 dose",2,42
2022-09-08,"4 dose",19,42
2022-09-08,"5 dose",1,42
2022-09-08,"3 dose",20,42
2022-09-09,"4 dose",13,32
2022-09-09,"3 dose",17,32
2022-09-09,"5 dose",1,32
2022-09-09,"2 dose",1,32
2022-09-10,"4 dose",21,43
2022-09-10,"5 dose",2,43
2022-09-10,"3 dose",20,43
2022-09-11,"4 dose",8,9
2022-09-11,"3 dose",1,9
2022-09-12,"1 dose",2,27
2022-09-12,"4 dose",10,27
2022-09-12,"3 dose",14,27
2022-09-12,"5 dose",1,27
2022-09-13,"4 dose",12,31
2022-09-13,"2 dose",2,31
2022-09-13,"3 dose",17,31
2022-09-14,"4 dose",17,38
2022-09-14,"2 dose",1,38
2022-09-14,"1 dose",2,38
2022-09-14,"5 dose",3,38
2022-09-14,"3 dose",15,38
2022-09-15,"3 dose",16,35
2022-09-15,"1 dose",1,35
2022-09-15,"4 dose",15,35
2022-09-15,"2 dose",3,35
2022-09-16,"3 dose",16,34
2022-09-16,"2 dose",2,34
2022-09-16,"4 dose",14,34
2022-09-16,"1 dose",1,34
2022-09-16,"5 dose",1,34
2022-09-17,"3 dose",13,26
2022-09-17,"2 dose",2,26
2022-09-17,"4 dose",11,26
2022-09-18,"1 dose",1,16
2022-09-18,"4 dose",4,16
2022-09-18,"2 dose",4,16
2022-09-18,"3 dose",7,16
2022-09-19,"1 dose",1,28
2022-09-19,"2 dose",1,28
2022-09-19,"3 dose",15,28
2022-09-19,"4 dose",11,28
2022-09-20,"4 dose",24,53
2022-09-20,"1 dose",1,53
2022-09-20,"2 dose",1,53
2022-09-20,"3 dose",27,53
2022-09-21,"2 dose",3,65
2022-09-21,"3 dose",25,65
2022-09-21,"4 dose",37,65
2022-09-22,"2 dose",2,50
2022-09-22,"3 dose",28,50
2022-09-22,"4 dose",20,50
2022-09-23,"5 dose",2,77
2022-09-23,"1 dose",2,77
2022-09-23,"4 dose",36,77
2022-09-23,"2 dose",1,77
2022-09-23,"3 dose",36,77
2022-09-24,"3 dose",34,70
2022-09-24,"4 dose",34,70
2022-09-24,"2 dose",2,70
2022-09-25,"4 dose",14,29
2022-09-25,"2 dose",1,29
2022-09-25,"3 dose",14,29
2022-09-26,"5 dose",1,54
2022-09-26,"3 dose",30,54
2022-09-26,"4 dose",20,54
2022-09-26,"1 dose",3,54
2022-09-27,"1 dose",1,64
2022-09-27,"3 dose",32,64
2022-09-27,"2 dose",1,64
2022-09-27,"4 dose",30,64
2022-09-28,"5 dose",2,84
2022-09-28,"3 dose",42,84
2022-09-28,"4 dose",37,84
2022-09-28,"2 dose",3,84
2022-09-29,"3 dose",45,90
2022-09-29,"4 dose",38,90
2022-09-29,"5 dose",1,90
2022-09-29,"2 dose",4,90
2022-09-29,"1 dose",2,90
2022-09-30,"4 dose",23,71
2022-09-30,"2 dose",2,71
2022-09-30,"5 dose",1,71
2022-09-30,"1 dose",1,71
2022-09-30,"3 dose",44,71
2022-10-01,"3 dose",47,86
2022-10-01,"2 dose",4,86
2022-10-01,"1 dose",3,86
2022-10-01,"4 dose",32,86
2022-10-02,"4 dose",18,51
2022-10-02,"1 dose",1,51
2022-10-02,"3 dose",31,51
2022-10-02,"2 dose",1,51
2022-10-03,"2 dose",2,55
2022-10-03,"5 dose",2,55
2022-10-03,"3 dose",40,55
2022-10-03,"4 dose",11,55
2022-10-04,"3 dose",33,62
2022-10-04,"5 dose",2,62
2022-10-04,"2 dose",3,62
2022-10-04,"4 dose",22,62
2022-10-04,"1 dose",2,62
2022-10-05,"2 dose",1,66
2022-10-05,"1 dose",1,66
2022-10-05,"3 dose",43,66
2022-10-05,"5 dose",1,66
2022-10-05,"4 dose",20,66
2022-10-06,"2 dose",2,72
2022-10-06,"4 dose",25,72
2022-10-06,"3 dose",44,72
2022-10-06,"5 dose",1,72
2022-10-07,"2 dose",2,70
2022-10-07,"3 dose",43,70
2022-10-07,"1 dose",2,70
2022-10-07,"4 dose",23,70
2022-10-08,"2 dose",3,106
2022-10-08,"4 dose",32,106
2022-10-08,"5 dose",2,106
2022-10-08,"3 dose",69,106
2022-10-09,"2 dose",1,55
2022-10-09,"4 dose",15,55
2022-10-09,"3 dose",39,55
2022-10-10,"3 dose",47,71
2022-10-10,"2 dose",1,71
2022-10-10,"5 dose",2,71
2022-10-10,"4 dose",18,71
2022-10-10,"1 dose",3,71
2022-10-11,"5 dose",1,94
2022-10-11,"2 dose",4,94
2022-10-11,"1 dose",3,94
2022-10-11,"3 dose",68,94
2022-10-11,"4 dose",18,94
2022-10-12,"2 dose",2,87
2022-10-12,"1 dose",3,87
2022-10-12,"4 dose",18,87
2022-10-12,"3 dose",64,87
2022-10-13,"1 dose",1,105
2022-10-13,"4 dose",31,105
2022-10-13,"5 dose",1,105
2022-10-13,"2 dose",2,105
2022-10-13,"3 dose",70,105
2022-10-14,"5 dose",1,72
2022-10-14,"3 dose",54,72
2022-10-14,"2 dose",1,72
2022-10-14,"4 dose",16,72
2022-10-15,"3 dose",75,128
2022-10-15,"1 dose",3,128
2022-10-15,"5 dose",2,128
2022-10-15,"2 dose",9,128
2022-10-15,"4 dose",39,128
2022-10-16,"2 dose",1,43
2022-10-16,"4 dose",7,43
2022-10-16,"1 dose",2,43
2022-10-16,"3 dose",33,43
2022-10-17,"1 dose",1,67
2022-10-17,"3 dose",51,67
2022-10-17,"5 dose",2,67
2022-10-17,"2 dose",1,67
2022-10-17,"4 dose",12,67
2022-10-18,"5 dose",1,66
2022-10-18,"3 dose",44,66
2022-10-18,"4 dose",19,66
2022-10-18,"2 dose",2,66
2022-10-19,"4 dose",15,71
2022-10-19,"2 dose",2,71
2022-10-19,"5 dose",1,71
2022-10-19,"3 dose",53,71
2022-10-20,"2 dose",1,89
2022-10-20,"4 dose",13,89
2022-10-20,"1 dose",2,89
2022-10-20,"3 dose",73,89
2022-10-21,"3 dose",48,63
2022-10-21,"4 dose",10,63
2022-10-21,"5 dose",1,63
2022-10-21,"2 dose",3,63
2022-10-21,"1 dose",1,63
2022-10-22,"1 dose",6,121
2022-10-22,"2 dose",7,121
2022-10-22,"4 dose",17,121
2022-10-22,"3 dose",90,121
2022-10-22,"5 dose",1,121
2022-10-23,"4 dose",4,34
2022-10-23,"3 dose",30,34
2022-10-24,"2 dose",2,59
2022-10-24,"4 dose",13,59
2022-10-24,"1 dose",2,59
2022-10-24,"3 dose",42,59
2022-10-25,"2 dose",5,93
2022-10-25,"3 dose",71,93
2022-10-25,"1 dose",3,93
2022-10-25,"4 dose",14,93
2022-10-26,"3 dose",70,85
2022-10-26,"4 dose",10,85
2022-10-26,"2 dose",3,85
2022-10-26,"1 dose",1,85
2022-10-26,"5 dose",1,85
2022-10-27,"5 dose",2,70
2022-10-27,"2 dose",2,70
2022-10-27,"4 dose",13,70
2022-10-27,"3 dose",53,70
2022-10-28,"6 dose",1,73
2022-10-28,"3 dose",60,73
2022-10-28,"5 dose",1,73
2022-10-28,"4 dose",4,73
2022-10-28,"1 dose",5,73
2022-10-28,"2 dose",2,73
2022-10-29,"4 dose",18,70
2022-10-29,"5 dose",2,70
2022-10-29,"2 dose",1,70
2022-10-29,"3 dose",49,70
2022-10-30,"1 dose",2,40
2022-10-30,"3 dose",33,40
2022-10-30,"2 dose",3,40
2022-10-30,"4 dose",2,40
2022-10-31,"4 dose",6,63
2022-10-31,"3 dose",52,63
2022-10-31,"2 dose",2,63
2022-10-31,"1 dose",3,63
2022-11-01,"1 dose",2,74
2022-11-01,"4 dose",6,74
2022-11-01,"3 dose",62,74
2022-11-01,"2 dose",3,74
2022-11-01,"5 dose",1,74
2022-11-02,"3 dose",48,57
2022-11-02,"4 dose",5,57
2022-11-02,"1 dose",1,57
2022-11-02,"2 dose",3,57
2022-11-03,"2 dose",2,56
2022-11-03,"3 dose",49,56
2022-11-03,"4 dose",5,56
2022-11-04,"5 dose",1,60
2022-11-04,"2 dose",3,60
2022-11-04,"1 dose",2,60
2022-11-04,"3 dose",50,60
2022-11-04,"4 dose",4,60
2022-11-05,"2 dose",2,70
2022-11-05,"1 dose",2,70
2022-11-05,"4 dose",12,70
2022-11-05,"5 dose",1,70
2022-11-05,"3 dose",53,70
2022-11-06,"4 dose",4,45
2022-11-06,"3 dose",39,45
2022-11-06,"2 dose",2,45
2022-11-07,"1 dose",2,57
2022-11-07,"4 dose",5,57
2022-11-07,"2 dose",2,57
2022-11-07,"3 dose",48,57
2022-11-08,"2 dose",1,76
2022-11-08,"4 dose",6,76
2022-11-08,"1 dose",2,76
2022-11-08,"3 dose",67,76
2022-11-09,"2 dose",5,67
2022-11-09,"1 dose",1,67
2022-11-09,"3 dose",54,67
2022-11-09,"4 dose",7,67
2022-11-10,"2 dose",2,53
2022-11-10,"1 dose",2,53
2022-11-10,"3 dose",43,53
2022-11-10,"4 dose",6,53
2022-11-11,"4 dose",6,54
2022-11-11,"5 dose",1,54
2022-11-11,"1 dose",3,54
2022-11-11,"3 dose",41,54
2022-11-11,"2 dose",3,54
2022-11-12,"4 dose",3,55
2022-11-12,"5 dose",1,55
2022-11-12,"3 dose",41,55
2022-11-12,"2 dose",4,55
2022-11-12,"1 dose",6,55
2022-11-13,"2 dose",2,40
2022-11-13,"3 dose",31,40
2022-11-13,"5 dose",1,40
2022-11-13,"4 dose",3,40
2022-11-13,"1 dose",3,40
2022-11-14,"4 dose",4,63
2022-11-14,"2 dose",5,63
2022-11-14,"1 dose",2,63
2022-11-14,"3 dose",52,63
2022-11-15,"2 dose",3,73
2022-11-15,"4 dose",6,73
2022-11-15,"5 dose",1,73
2022-11-15,"3 dose",62,73
2022-11-15,"1 dose",1,73
2022-11-16,"1 dose",2,48
2022-11-16,"5 dose",2,48
2022-11-16,"4 dose",4,48
2022-11-16,"3 dose",38,48
2022-11-16,"2 dose",2,48
2022-11-17,"5 dose",1,55
2022-11-17,"4 dose",6,55
2022-11-17,"2 dose",1,55
2022-11-17,"3 dose",47,55
2022-11-18,"1 dose",3,52
2022-11-18,"5 dose",1,52
2022-11-18,"3 dose",43,52
2022-11-18,"2 dose",1,52
2022-11-18,"4 dose",4,52
2022-11-19,"2 dose",1,46
2022-11-19,"3 dose",36,46
2022-11-19,"5 dose",2,46
2022-11-19,"1 dose",3,46
2022-11-19,"4 dose",4,46
2022-11-20,"2 dose",1,33
2022-11-20,"1 dose",2,33
2022-11-20,"3 dose",30,33
2022-11-21,"4 dose",4,47
2022-11-21,"2 dose",1,47
2022-11-21,"3 dose",42,47
2022-11-22,"1 dose",4,47
2022-11-22,"4 dose",4,47
2022-11-22,"3 dose",39,47
2022-11-23,"1 dose",3,54
2022-11-23,"3 dose",45,54
2022-11-23,"2 dose",2,54
2022-11-23,"4 dose",4,54
2022-11-24,"4 dose",6,58
2022-11-24,"5 dose",3,58
2022-11-24,"1 dose",1,58
2022-11-24,"3 dose",45,58
2022-11-24,"2 dose",3,58
2022-11-25,"3 dose",36,41
2022-11-25,"2 dose",2,41
2022-11-25,"4 dose",3,41
2022-11-26,"2 dose",2,42
2022-11-26,"4 dose",3,42
2022-11-26,"3 dose",37,42
2022-11-27,"4 dose",1,26
2022-11-27,"2 dose",2,26
2022-11-27,"1 dose",2,26
2022-11-27,"3 dose",21,26
2022-11-28,"3 dose",23,27
2022-11-28,"2 dose",1,27
2022-11-28,"4 dose",2,27
2022-11-28,"1 dose",1,27
2022-11-29,"1 dose",3,49
2022-11-29,"4 dose",6,49
2022-11-29,"3 dose",38,49
2022-11-29,"2 dose",2,49
2022-11-30,"3 dose",24,29
2022-11-30,"5 dose",1,29
2022-11-30,"1 dose",1,29
2022-11-30,"4 dose",1,29
2022-11-30,"2 dose",2,29
2022-12-01,"4 dose",4,27
2022-12-01,"3 dose",20,27
2022-12-01,"2 dose",1,27
2022-12-01,"1 dose",2,27
2022-12-02,"3 dose",26,28
2022-12-02,"4 dose",2,28
2022-12-03,"3 dose",26,30
2022-12-03,"1 dose",3,30
2022-12-03,"4 dose",1,30
2022-12-04,"5 dose",1,15
2022-12-04,"4 dose",1,15
2022-12-04,"3 dose",11,15
2022-12-04,"2 dose",2,15
2022-12-05,"3 dose",29,36
2022-12-05,"1 dose",2,36
2022-12-05,"2 dose",2,36
2022-12-05,"4 dose",3,36
2022-12-06,"4 dose",2,20
2022-12-06,"1 dose",2,20
2022-12-06,"3 dose",16,20
2022-12-07,"1 dose",1,30
2022-12-07,"3 dose",22,30
2022-12-07,"4 dose",7,30
2022-12-08,"2 dose",1,23
2022-12-08,"4 dose",2,23
2022-12-08,"3 dose",19,23
2022-12-08,"1 dose",1,23
2022-12-09,"4 dose",3,22
2022-12-09,"3 dose",19,22
2022-12-10,"2 dose",5,22
2022-12-10,"3 dose",16,22
2022-12-10,"1 dose",1,22
2022-12-11,"3 dose",10,16
2022-12-11,"2 dose",5,16
2022-12-11,"5 dose",1,16
2022-12-12,"4 dose",1,17
2022-12-12,"3 dose",16,17
2022-12-13,"1 dose",1,19
2022-12-13,"3 dose",17,19
2022-12-13,"2 dose",1,19
2022-12-14,"4 dose",2,15
2022-12-14,"3 dose",13,15
2022-12-15,"3 dose",9,10
2022-12-15,"1 dose",1,10
2022-12-16,"2 dose",2,16
2022-12-16,"4 dose",2,16
2022-12-16,"3 dose",12,16
2022-12-17,"3 dose",8,9
2022-12-17,"1 dose",1,9
2022-12-18,"4 dose",1,5
2022-12-18,"3 dose",3,5
2022-12-19,"3 dose",11,12
2022-12-19,"2 dose",1,12
2022-12-20,"4 dose",2,9
2022-12-20,"1 dose",1,9
2022-12-20,"3 dose",6,9
2022-12-21,"3 dose",5,6
2022-12-21,"4 dose",1,6
2022-12-22,"4 dose",1,7
2022-12-22,"3 dose",6,7
2022-12-23,"3 dose",3,5
2022-12-26,"3 dose",1,5
2022-12-28,"4 dose",2,7
2022-12-28,"3 dose",3,7
2022-12-28,"2 dose",1,7
2022-12-28,"1 dose",1,7
2022-12-29,"3 dose",5,6
2022-12-29,"4 dose",1,6
2022-12-30,"3 dose",2,5
2022-12-31,"3 dose",1,5
2023-01-03,"4 dose",1,5
2023-01-04,"3 dose",4,7
2023-01-04,"4 dose",2,7
2023-01-04,"2 dose",1,7
2023-01-05,"4 dose",1,6
2023-01-05,"3 dose",5,6
2023-01-06,"3 dose",5,6
2023-01-06,"4 dose",1,6
2023-01-07,"3 dose",1,5
2023-01-08,"3 dose",1,5
2023-01-09,"3 dose",3,5
2023-01-09,"4 dose",1,5
2023-01-10,"3 dose",3,5
2023-01-10,"4 dose",1,5
2023-01-11,"2 dose",1,5
2023-01-11,"3 dose",3,5
2023-01-12,"4 dose",3,8
2023-01-12,"2 dose",1,8
2023-01-12,"5 dose",1,8
2023-01-12,"3 dose",3,8
2023-01-13,"3 dose",1,5
2023-01-14,"3 dose",4,5
2023-01-15,"4 dose",1,5
2023-01-15,"3 dose",1,5
2023-01-16,"4 dose",1,5
2023-01-16,"3 dose",3,5
2023-01-16,"2 dose",1,5
2023-01-17,"4 dose",1,5
2023-01-17,"3 dose",1,5
2023-01-17,"5 dose",1,5
2023-01-18,"3 dose",1,5
2023-01-19,"3 dose",2,5
2023-01-19,"1 dose",1,5
2023-01-20,"3 dose",3,5
2023-01-20,"5 dose",1,5
2023-01-20,"4 dose",1,5
2023-01-21,"4 dose",2,5
2023-01-21,"3 dose",3,5
2023-01-23,"4 dose",2,6
2023-01-23,"3 dose",4,6
2023-01-25,"3 dose",3,5
2023-01-26,"3 dose",2,5
2023-01-28,"2 dose",1,5
2023-01-28,"1 dose",1,5
2023-01-28,"3 dose",2,5
2023-01-29,"3 dose",1,5
2023-01-30,"3 dose",2,5
2023-01-30,"4 dose",1,5
2023-01-31,"3 dose",2,5
2023-02-02,"3 dose",2,5
2023-02-03,"3 dose",1,5
2023-02-05,"2 dose",1,5
2023-02-07,"1 dose",1,5
2023-02-07,"3 dose",2,5
2023-02-08,"3 dose",3,5
2023-02-09,"5 dose",1,5
2023-02-09,"4 dose",1,5
2023-02-09,"3 dose",1,5
2023-02-11,"3 dose",1,5
2023-02-11,"1 dose",1,5
2023-02-14,"1 dose",1,5
2023-02-14,"3 dose",1,5
2023-02-16,"4 dose",1,5
2023-02-17,"3 dose",1,5
2023-02-18,"3 dose",4,5
2023-02-20,"2 dose",1,5
2023-02-20,"3 dose",1,5
2023-02-21,"3 dose",2,5
2023-02-22,"3 dose",1,5
2023-02-22,"2 dose",1,5
2023-02-23,"3 dose",1,5
2023-02-24,"3 dose",1,5
2023-02-25,"2 dose",1,5
2023-02-27,"3 dose",2,5
2023-02-27,"2 dose",1,5
2023-03-01,"2 dose",1,5
2023-03-02,"3 dose",1,5
2023-03-03,"3 dose",2,5
2023-03-04,"4 dose",1,5
2023-03-06,"1 dose",1,5
2023-03-08,"3 dose",1,5
2023-03-13,"2 dose",1,5
2023-03-16,"2 dose",1,5
2023-03-18,"2 dose",2,5
2023-03-22,"1 dose",1,5
2023-03-22,"3 dose",1,5
2023-03-23,"3 dose",2,5
2023-03-24,"3 dose",1,5
2023-03-24,"2 dose",1,5
2023-03-26,"3 dose",1,5
2023-03-27,"2 dose",1,5
2023-03-27,"5 dose",1,5
2023-03-27,"4 dose",1,5
2023-03-27,"6 dose",1,5
2023-03-28,"4 dose",1,5
2023-03-28,"5 dose",2,5
2023-03-29,"2 dose",1,6
2023-03-29,"1 dose",1,6
2023-03-29,"5 dose",4,6
2023-03-30,"5 dose",2,5
2023-03-30,"4 dose",1,5
2023-03-30,"1 dose",1,5
2023-03-31,"3 dose",1,5
2023-03-31,"5 dose",2,5
2023-04-01,"1 dose",1,7
2023-04-01,"5 dose",5,7
2023-04-01,"6 dose",1,7
2023-04-02,"4 dose",1,5
2023-04-02,"5 dose",3,5
2023-04-03,"4 dose",3,9
2023-04-03,"5 dose",6,9
2023-04-04,"5 dose",2,16
2023-04-04,"3 dose",4,16
2023-04-04,"1 dose",3,16
2023-04-04,"4 dose",5,16
2023-04-04,"2 dose",1,16
2023-04-04,"7 dose",1,16
2023-04-05,"5 dose",4,19
2023-04-05,"4 dose",8,19
2023-04-05,"1 dose",1,19
2023-04-05,"3 dose",4,19
2023-04-05,"2 dose",2,19
2023-04-06,"3 dose",1,16
2023-04-06,"4 dose",5,16
2023-04-06,"5 dose",9,16
2023-04-06,"2 dose",1,16
2023-04-07,"2 dose",1,5
2023-04-07,"5 dose",1,5
2023-04-08,"5 dose",3,5
2023-04-09,"5 dose",1,5
2023-04-09,"2 dose",1,5
2023-04-10,"5 dose",6,6
2023-04-11,"2 dose",1,26
2023-04-11,"4 dose",2,26
2023-04-11,"3 dose",1,26
2023-04-11,"5 dose",21,26
2023-04-11,"1 dose",1,26
2023-04-12,"1 dose",1,29
2023-04-12,"4 dose",4,29
2023-04-12,"2 dose",2,29
2023-04-12,"6 dose",1,29
2023-04-12,"5 dose",20,29
2023-04-12,"3 dose",1,29
2023-04-13,"2 dose",1,31
2023-04-13,"3 dose",1,31
2023-04-13,"5 dose",24,31
2023-04-13,"6 dose",1,31
2023-04-13,"4 dose",4,31
2023-04-14,"4 dose",7,25
2023-04-14,"2 dose",1,25
2023-04-14,"6 dose",1,25
2023-04-14,"5 dose",16,25
2023-04-15,"4 dose",4,17
2023-04-15,"5 dose",13,17
2023-04-16,"5 dose",4,5
2023-04-16,"4 dose",1,5
2023-04-17,"4 dose",4,19
2023-04-17,"5 dose",11,19
2023-04-17,"3 dose",3,19
2023-04-17,"1 dose",1,19
2023-04-18,"5 dose",26,34
2023-04-18,"4 dose",4,34
2023-04-18,"6 dose",1,34
2023-04-18,"3 dose",1,34
2023-04-18,"2 dose",2,34
2023-04-19,"5 dose",19,32
2023-04-19,"6 dose",1,32
2023-04-19,"4 dose",12,32
2023-04-20,"3 dose",1,37
2023-04-20,"4 dose",9,37
2023-04-20,"5 dose",27,37
2023-04-21,"5 dose",21,32
2023-04-21,"6 dose",1,32
2023-04-21,"4 dose",6,32
2023-04-21,"2 dose",3,32
2023-04-21,"3 dose",1,32
2023-04-22,"4 dose",4,19
2023-04-22,"5 dose",15,19
2023-04-23,"5 dose",11,14
2023-04-23,"4 dose",3,14
2023-04-24,"5 dose",24,27
2023-04-24,"4 dose",3,27
2023-04-25,"4 dose",6,44
2023-04-25,"3 dose",2,44
2023-04-25,"1 dose",1,44
2023-04-25,"5 dose",35,44
2023-04-26,"2 dose",1,31
2023-04-26,"5 dose",23,31
2023-04-26,"4 dose",6,31
2023-04-26,"3 dose",1,31
2023-04-27,"5 dose",33,47
2023-04-27,"1 dose",1,47
2023-04-27,"4 dose",10,47
2023-04-27,"2 dose",1,47
2023-04-27,"6 dose",2,47
2023-04-28,"3 dose",3,37
2023-04-28,"5 dose",27,37
2023-04-28,"4 dose",5,37
2023-04-28,"6 dose",2,37
2023-04-29,"4 dose",11,36
2023-04-29,"5 dose",25,36
2023-04-30,"6 dose",2,11
2023-04-30,"5 dose",6,11
2023-04-30,"4 dose",3,11
2023-05-01,"5 dose",7,7
2023-05-02,"3 dose",2,28
2023-05-02,"1 dose",1,28
2023-05-02,"5 dose",17,28
2023-05-02,"4 dose",8,28
2023-05-03,"5 dose",23,29
2023-05-03,"4 dose",6,29
2023-05-04,"4 dose",5,30
2023-05-04,"6 dose",2,30
2023-05-04,"2 dose",1,30
2023-05-04,"5 dose",21,30
2023-05-04,"1 dose",1,30
2023-05-05,"5 dose",13,21
2023-05-05,"3 dose",2,21
2023-05-05,"2 dose",1,21
2023-05-05,"1 dose",1,21
2023-05-05,"4 dose",4,21
2023-05-06,"4 dose",4,6
2023-05-06,"5 dose",2,6
2023-05-07,"5 dose",3,5
2023-05-07,"4 dose",2,5
2023-05-08,"5 dose",1,5
2023-05-09,"5 dose",22,31
2023-05-09,"4 dose",6,31
2023-05-09,"3 dose",1,31
2023-05-09,"6 dose",2,31
2023-05-10,"6 dose",1,26
2023-05-10,"3 dose",2,26
2023-05-10,"4 dose",6,26
2023-05-10,"5 dose",17,26
2023-05-11,"4 dose",11,32
2023-05-11,"6 dose",1,32
2023-05-11,"5 dose",20,32
2023-05-12,"1 dose",1,17
2023-05-12,"5 dose",13,17
2023-05-12,"4 dose",3,17
2023-05-13,"4 dose",3,25
2023-05-13,"5 dose",22,25
2023-05-14,"4 dose",3,7
2023-05-14,"5 dose",4,7
2023-05-15,"4 dose",8,27
2023-05-15,"1 dose",1,27
2023-05-15,"5 dose",18,27
2023-05-16,"1 dose",1,27
2023-05-16,"3 dose",2,27
2023-05-16,"5 dose",16,27
2023-05-16,"4 dose",8,27
2023-05-17,"4 dose",3,22
2023-05-17,"6 dose",2,22
2023-05-17,"1 dose",1,22
2023-05-17,"5 dose",16,22
2023-05-18,"4 dose",3,17
2023-05-18,"1 dose",1,17
2023-05-18,"6 dose",1,17
2023-05-18,"5 dose",12,17
2023-05-19,"5 dose",13,17
2023-05-19,"4 dose",4,17
2023-05-20,"5 dose",11,16
2023-05-20,"6 dose",2,16
2023-05-20,"4 dose",3,16
2023-05-21,"5 dose",3,6
2023-05-21,"6 dose",3,6
2023-05-22,"6 dose",2,18
2023-05-22,"3 dose",2,18
2023-05-22,"5 dose",11,18
2023-05-22,"1 dose",1,18
2023-05-22,"4 dose",2,18
2023-05-23,"5 dose",14,21
2023-05-23,"6 dose",1,21
2023-05-23,"4 dose",6,21
2023-05-24,"2 dose",1,12
2023-05-24,"6 dose",1,12
2023-05-24,"5 dose",9,12
2023-05-24,"4 dose",1,12
2023-05-25,"5 dose",16,26
2023-05-25,"6 dose",4,26
2023-05-25,"4 dose",6,26
2023-05-26,"4 dose",1,9
2023-05-26,"1 dose",1,9
2023-05-26,"5 dose",7,9
2023-05-27,"4 dose",1,6
2023-05-27,"5 dose",5,6
2023-05-29,"6 dose",1,6
2023-05-29,"4 dose",1,6
2023-05-29,"5 dose",4,6
2023-05-30,"4 dose",5,11
2023-05-30,"6 dose",1,11
2023-05-30,"5 dose",5,11
2023-05-31,"2 dose",1,21
2023-05-31,"5 dose",13,21
2023-05-31,"1 dose",3,21
2023-05-31,"6 dose",1,21
2023-05-31,"4 dose",3,21
2023-06-01,"4 dose",2,8
2023-06-01,"5 dose",4,8
2023-06-01,"3 dose",2,8
2023-06-02,"4 dose",3,9
2023-06-02,"5 dose",6,9
2023-06-03,"5 dose",1,5
2023-06-03,"4 dose",1,5
2023-06-04,"5 dose",1,5
2023-06-04,"6 dose",1,5
2023-06-04,"4 dose",3,5
2023-06-05,"4 dose",1,6
2023-06-05,"5 dose",4,6
2023-06-05,"3 dose",1,6
2023-06-06,"5 dose",5,6
2023-06-06,"4 dose",1,6
2023-06-07,"4 dose",3,10
2023-06-07,"5 dose",6,10
2023-06-07,"3 dose",1,10
2023-06-08,"4 dose",2,10
2023-06-08,"6 dose",1,10
2023-06-08,"2 dose",1,10
2023-06-08,"5 dose",6,10
2023-06-09,"5 dose",7,12
2023-06-09,"2 dose",1,12
2023-06-09,"4 dose",4,12
2023-06-10,"6 dose",1,5
2023-06-10,"5 dose",1,5
2023-06-11,"6 dose",1,5
2023-06-11,"5 dose",1,5
2023-06-11,"4 dose",1,5
2023-06-12,"5 dose",1,5
2023-06-12,"6 dose",1,5
2023-06-13,"3 dose",1,7
2023-06-13,"4 dose",2,7
2023-06-13,"5 dose",4,7
2023-06-14,"4 dose",2,8
2023-06-14,"1 dose",1,8
2023-06-14,"5 dose",5,8
2023-06-15,"2 dose",1,7
2023-06-15,"4 dose",1,7
2023-06-15,"5 dose",3,7
2023-06-15,"1 dose",1,7
2023-06-15,"6 dose",1,7
2023-06-16,"6 dose",2,5
2023-06-16,"5 dose",3,5
2023-06-17,"1 dose",1,5
2023-06-17,"5 dose",1,5
2023-06-17,"4 dose",2,5
2023-06-19,"4 dose",3,5
2023-06-20,"5 dose",3,5
2023-06-20,"4 dose",1,5
2023-06-21,"4 dose",1,5
2023-06-21,"6 dose",1,5
2023-06-22,"5 dose",1,5
2023-06-23,"5 dose",1,5
2023-06-25,"5 dose",2,5
2023-06-26,"4 dose",1,5
2023-06-26,"3 dose",2,5
2023-06-27,"5 dose",1,5
2023-06-27,"6 dose",1,5
2023-06-28,"4 dose",1,5
2023-06-28,"5 dose",2,5
2023-06-29,"5 dose",2,5
2023-06-30,"5 dose",3,5
2023-06-30,"6 dose",1,5
2023-06-30,"4 dose",1,5
2023-07-01,"4 dose",1,5
2023-07-03,"4 dose",1,5
2023-07-05,"5 dose",1,5
2023-07-06,"5 dose",1,5
2023-07-12,"6 dose",1,5
2023-07-17,"2 dose",1,5
2023-09-04,"4 dose",7,8
2023-09-04,"1 dose",1,8
2023-09-05,"5 dose",1,11
2023-09-05,"4 dose",8,11
2023-09-05,"1 dose",1,11
2023-09-05,"2 dose",1,11
2023-09-06,"4 dose",6,6
2023-09-07,"6 dose",1,10
2023-09-07,"3 dose",1,10
2023-09-07,"4 dose",8,10
2023-09-08,"4 dose",10,12
2023-09-08,"3 dose",1,12
2023-09-08,"5 dose",1,12
2023-09-09,"4 dose",6,8
2023-09-09,"1 dose",1,8
2023-09-09,"3 dose",1,8
2023-09-10,"3 dose",1,5
2023-09-10,"4 dose",1,5
2023-09-11,"6 dose",1,27
2023-09-11,"2 dose",3,27
2023-09-11,"5 dose",6,27
2023-09-11,"4 dose",14,27
2023-09-11,"1 dose",1,27
2023-09-11,"3 dose",2,27
2023-09-12,"5 dose",3,24
2023-09-12,"4 dose",17,24
2023-09-12,"3 dose",2,24
2023-09-12,"6 dose",2,24
2023-09-13,"2 dose",1,26
2023-09-13,"1 dose",2,26
2023-09-13,"4 dose",21,26
2023-09-13,"6 dose",2,26
2023-09-14,"5 dose",5,26
2023-09-14,"4 dose",16,26
2023-09-14,"2 dose",2,26
2023-09-14,"8 dose",1,26
2023-09-14,"6 dose",2,26
2023-09-15,"5 dose",1,26
2023-09-15,"2 dose",1,26
2023-09-15,"4 dose",20,26
2023-09-15,"3 dose",3,26
2023-09-15,"6 dose",1,26
2023-09-16,"5 dose",1,5
2023-09-16,"4 dose",2,5
2023-09-17,"3 dose",1,6
2023-09-17,"1 dose",1,6
2023-09-17,"5 dose",1,6
2023-09-17,"4 dose",3,6
2023-09-18,"4 dose",18,27
2023-09-18,"5 dose",4,27
2023-09-18,"7 dose",2,27
2023-09-18,"6 dose",3,27
2023-09-19,"2 dose",2,37
2023-09-19,"1 dose",2,37
2023-09-19,"6 dose",6,37
2023-09-19,"3 dose",1,37
2023-09-19,"5 dose",2,37
2023-09-19,"4 dose",24,37
2023-09-20,"3 dose",3,36
2023-09-20,"4 dose",24,36
2023-09-20,"2 dose",1,36
2023-09-20,"5 dose",2,36
2023-09-20,"6 dose",6,36
2023-09-21,"5 dose",2,40
2023-09-21,"6 dose",6,40
2023-09-21,"4 dose",25,40
2023-09-21,"3 dose",2,40
2023-09-21,"7 dose",1,40
2023-09-21,"1 dose",2,40
2023-09-21,"2 dose",2,40
2023-09-22,"5 dose",1,36
2023-09-22,"4 dose",23,36
2023-09-22,"7 dose",1,36
2023-09-22,"6 dose",11,36
2023-09-23,"4 dose",13,23
2023-09-23,"5 dose",1,23
2023-09-23,"3 dose",2,23
2023-09-23,"6 dose",7,23
2023-09-24,"3 dose",1,11
2023-09-24,"2 dose",1,11
2023-09-24,"4 dose",8,11
2023-09-24,"6 dose",1,11
2023-09-25,"4 dose",28,52
2023-09-25,"1 dose",1,52
2023-09-25,"6 dose",14,52
2023-09-25,"3 dose",3,52
2023-09-25,"5 dose",4,52
2023-09-25,"7 dose",1,52
2023-09-25,"2 dose",1,52
2023-09-26,"1 dose",1,33
2023-09-26,"5 dose",4,33
2023-09-26,"6 dose",9,33
2023-09-26,"4 dose",16,33
2023-09-26,"3 dose",3,33
2023-09-27,"2 dose",3,40
2023-09-27,"6 dose",9,40
2023-09-27,"1 dose",3,40
2023-09-27,"7 dose",1,40
2023-09-27,"3 dose",2,40
2023-09-27,"4 dose",21,40
2023-09-27,"5 dose",1,40
2023-09-28,"6 dose",13,47
2023-09-28,"1 dose",1,47
2023-09-28,"4 dose",19,47
2023-09-28,"5 dose",4,47
2023-09-28,"3 dose",7,47
2023-09-28,"2 dose",3,47
2023-09-29,"4 dose",23,41
2023-09-29,"5 dose",6,41
2023-09-29,"6 dose",9,41
2023-09-29,"3 dose",2,41
2023-09-29,"1 dose",1,41
2023-09-30,"1 dose",1,54
2023-09-30,"2 dose",1,54
2023-09-30,"4 dose",23,54
2023-09-30,"3 dose",2,54
2023-09-30,"7 dose",1,54
2023-09-30,"5 dose",7,54
2023-09-30,"6 dose",19,54
2023-10-01,"2 dose",1,6
2023-10-01,"4 dose",4,6
2023-10-01,"5 dose",1,6
2023-10-02,"3 dose",3,48
2023-10-02,"7 dose",1,48
2023-10-02,"6 dose",12,48
2023-10-02,"5 dose",7,48
2023-10-02,"4 dose",25,48
2023-10-03,"3 dose",3,75
2023-10-03,"6 dose",19,75
2023-10-03,"5 dose",10,75
2023-10-03,"1 dose",3,75
2023-10-03,"4 dose",40,75
2023-10-04,"2 dose",1,53
2023-10-04,"4 dose",33,53
2023-10-04,"3 dose",4,53
2023-10-04,"1 dose",1,53
2023-10-04,"6 dose",8,53
2023-10-04,"5 dose",6,53
2023-10-05,"2 dose",1,51
2023-10-05,"5 dose",6,51
2023-10-05,"1 dose",2,51
2023-10-05,"4 dose",28,51
2023-10-05,"3 dose",1,51
2023-10-05,"6 dose",12,51
2023-10-05,"7 dose",1,51
2023-10-06,"3 dose",2,43
2023-10-06,"1 dose",2,43
2023-10-06,"4 dose",24,43
2023-10-06,"2 dose",1,43
2023-10-06,"5 dose",4,43
2023-10-06,"6 dose",10,43
2023-10-07,"6 dose",28,119
2023-10-07,"7 dose",1,119
2023-10-07,"3 dose",4,119
2023-10-07,"4 dose",64,119
2023-10-07,"1 dose",2,119
2023-10-07,"5 dose",20,119
2023-10-08,"7 dose",1,24
2023-10-08,"3 dose",1,24
2023-10-08,"1 dose",1,24
2023-10-08,"5 dose",2,24
2023-10-08,"6 dose",6,24
2023-10-08,"4 dose",13,24
2023-10-09,"6 dose",14,44
2023-10-09,"1 dose",1,44
2023-10-09,"5 dose",7,44
2023-10-09,"4 dose",18,44
2023-10-09,"7 dose",2,44
2023-10-09,"3 dose",2,44
2023-10-10,"2 dose",2,72
2023-10-10,"7 dose",2,72
2023-10-10,"5 dose",6,72
2023-10-10,"6 dose",13,72
2023-10-10,"4 dose",45,72
2023-10-10,"3 dose",4,72
2023-10-11,"4 dose",27,52
2023-10-11,"5 dose",4,52
2023-10-11,"3 dose",1,52
2023-10-11,"2 dose",1,52
2023-10-11,"6 dose",19,52
2023-10-12,"2 dose",3,59
2023-10-12,"3 dose",2,59
2023-10-12,"5 dose",5,59
2023-10-12,"7 dose",1,59
2023-10-12,"4 dose",31,59
2023-10-12,"6 dose",17,59
2023-10-13,"4 dose",28,49
2023-10-13,"6 dose",9,49
2023-10-13,"2 dose",1,49
2023-10-13,"7 dose",1,49
2023-10-13,"3 dose",3,49
2023-10-13,"5 dose",7,49
2023-10-14,"3 dose",7,76
2023-10-14,"5 dose",9,76
2023-10-14,"6 dose",25,76
2023-10-14,"1 dose",3,76
2023-10-14,"2 dose",1,76
2023-10-14,"4 dose",29,76
2023-10-14,"7 dose",2,76
2023-10-15,"4 dose",9,13
2023-10-15,"5 dose",2,13
2023-10-15,"6 dose",2,13
2023-10-16,"4 dose",23,62
2023-10-16,"2 dose",3,62
2023-10-16,"3 dose",1,62
2023-10-16,"7 dose",3,62
2023-10-16,"5 dose",9,62
2023-10-16,"6 dose",19,62
2023-10-16,"1 dose",4,62
2023-10-17,"6 dose",26,73
2023-10-17,"3 dose",3,73
2023-10-17,"5 dose",16,73
2023-10-17,"1 dose",3,73
2023-10-17,"4 dose",25,73
2023-10-18,"4 dose",35,71
2023-10-18,"1 dose",1,71
2023-10-18,"2 dose",1,71
2023-10-18,"3 dose",3,71
2023-10-18,"5 dose",8,71
2023-10-18,"6 dose",21,71
2023-10-18,"7 dose",2,71
2023-10-19,"3 dose",2,49
2023-10-19,"6 dose",19,49
2023-10-19,"5 dose",6,49
2023-10-19,"2 dose",3,49
2023-10-19,"4 dose",19,49
2023-10-20,"4 dose",17,36
2023-10-20,"5 dose",5,36
2023-10-20,"6 dose",12,36
2023-10-20,"3 dose",2,36
2023-10-21,"6 dose",19,62
2023-10-21,"5 dose",5,62
2023-10-21,"7 dose",2,62
2023-10-21,"2 dose",2,62
2023-10-21,"4 dose",27,62
2023-10-21,"3 dose",7,62
2023-10-22,"6 dose",10,18
2023-10-22,"5 dose",3,18
2023-10-22,"4 dose",5,18
2023-10-23,"1 dose",1,49
2023-10-23,"6 dose",20,49
2023-10-23,"3 dose",2,49
2023-10-23,"5 dose",9,49
2023-10-23,"4 dose",17,49
2023-10-24,"2 dose",3,77
2023-10-24,"4 dose",31,77
2023-10-24,"3 dose",1,77
2023-10-24,"5 dose",9,77
2023-10-24,"7 dose",2,77
2023-10-24,"1 dose",1,77
2023-10-24,"6 dose",30,77
2023-10-25,"5 dose",8,43
2023-10-25,"3 dose",2,43
2023-10-25,"7 dose",1,43
2023-10-25,"6 dose",20,43
2023-10-25,"4 dose",12,43
2023-10-26,"6 dose",15,44
2023-10-26,"2 dose",1,44
2023-10-26,"5 dose",9,44
2023-10-26,"1 dose",1,44
2023-10-26,"4 dose",16,44
2023-10-26,"3 dose",1,44
2023-10-26,"7 dose",1,44
2023-10-27,"7 dose",2,39
2023-10-27,"3 dose",4,39
2023-10-27,"6 dose",14,39
2023-10-27,"4 dose",14,39
2023-10-27,"1 dose",1,39
2023-10-27,"5 dose",4,39
2023-10-28,"1 dose",2,31
2023-10-28,"2 dose",1,31
2023-10-28,"4 dose",9,31
2023-10-28,"3 dose",4,31
2023-10-28,"6 dose",13,31
2023-10-28,"5 dose",2,31
2023-10-29,"4 dose",9,15
2023-10-29,"5 dose",1,15
2023-10-29,"6 dose",4,15
2023-10-29,"3 dose",1,15
2023-10-30,"2 dose",1,40
2023-10-30,"3 dose",3,40
2023-10-30,"4 dose",18,40
2023-10-30,"6 dose",14,40
2023-10-30,"1 dose",2,40
2023-10-30,"5 dose",2,40
2023-10-31,"1 dose",1,54
2023-10-31,"6 dose",22,54
2023-10-31,"7 dose",1,54
2023-10-31,"3 dose",1,54
2023-10-31,"5 dose",7,54
2023-10-31,"4 dose",22,54
2023-11-01,"6 dose",6,34
2023-11-01,"3 dose",2,34
2023-11-01,"5 dose",5,34
2023-11-01,"1 dose",3,34
2023-11-01,"4 dose",18,34
2023-11-02,"6 dose",20,48
2023-11-02,"4 dose",18,48
2023-11-02,"1 dose",2,48
2023-11-02,"3 dose",1,48
2023-11-02,"5 dose",6,48
2023-11-02,"7 dose",1,48
2023-11-03,"1 dose",3,40
2023-11-03,"3 dose",2,40
2023-11-03,"4 dose",17,40
2023-11-03,"6 dose",11,40
2023-11-03,"2 dose",1,40
2023-11-03,"7 dose",1,40
2023-11-03,"5 dose",5,40
2023-11-04,"6 dose",11,33
2023-11-04,"5 dose",4,33
2023-11-04,"2 dose",1,33
2023-11-04,"1 dose",1,33
2023-11-04,"4 dose",14,33
2023-11-04,"3 dose",2,33
2023-11-05,"6 dose",2,15
2023-11-05,"1 dose",2,15
2023-11-05,"5 dose",2,15
2023-11-05,"4 dose",9,15
2023-11-06,"4 dose",15,32
2023-11-06,"5 dose",3,32
2023-11-06,"6 dose",11,32
2023-11-06,"3 dose",3,32
2023-11-07,"5 dose",6,42
2023-11-07,"3 dose",1,42
2023-11-07,"6 dose",12,42
2023-11-07,"7 dose",1,42
2023-11-07,"4 dose",19,42
2023-11-07,"2 dose",1,42
2023-11-07,"1 dose",2,42
2023-11-08,"4 dose",12,34
2023-11-08,"6 dose",13,34
2023-11-08,"3 dose",3,34
2023-11-08,"5 dose",2,34
2023-11-08,"2 dose",2,34
2023-11-08,"1 dose",2,34
2023-11-09,"3 dose",4,44
2023-11-09,"4 dose",27,44
2023-11-09,"6 dose",8,44
2023-11-09,"5 dose",3,44
2023-11-09,"1 dose",1,44
2023-11-09,"2 dose",1,44
2023-11-10,"5 dose",4,33
2023-11-10,"7 dose",1,33
2023-11-10,"3 dose",1,33
2023-11-10,"1 dose",1,33
2023-11-10,"6 dose",11,33
2023-11-10,"2 dose",1,33
2023-11-10,"4 dose",14,33
2023-11-11,"5 dose",8,31
2023-11-11,"6 dose",5,31
2023-11-11,"4 dose",13,31
2023-11-11,"1 dose",2,31
2023-11-11,"2 dose",1,31
2023-11-11,"3 dose",2,31
2023-11-12,"4 dose",8,15
2023-11-12,"1 dose",1,15
2023-11-12,"3 dose",1,15
2023-11-12,"5 dose",3,15
2023-11-12,"6 dose",2,15
2023-11-13,"4 dose",14,36
2023-11-13,"2 dose",1,36
2023-11-13,"5 dose",5,36
2023-11-13,"6 dose",11,36
2023-11-13,"3 dose",4,36
2023-11-13,"7 dose",1,36
2023-11-14,"6 dose",9,38
2023-11-14,"2 dose",1,38
2023-11-14,"5 dose",8,38
2023-11-14,"4 dose",19,38
2023-11-14,"3 dose",1,38
2023-11-15,"4 dose",13,26
2023-11-15,"6 dose",8,26
2023-11-15,"5 dose",3,26
2023-11-15,"3 dose",2,26
2023-11-16,"5 dose",4,32
2023-11-16,"1 dose",1,32
2023-11-16,"6 dose",5,32
2023-11-16,"4 dose",22,32
2023-11-17,"6 dose",5,35
2023-11-17,"2 dose",2,35
2023-11-17,"3 dose",3,35
2023-11-17,"4 dose",20,35
2023-11-17,"5 dose",5,35
2023-11-18,"5 dose",4,26
2023-11-18,"1 dose",1,26
2023-11-18,"6 dose",10,26
2023-11-18,"4 dose",11,26
2023-11-19,"6 dose",2,5
2023-11-19,"4 dose",2,5
2023-11-19,"1 dose",1,5
2023-11-20,"6 dose",1,28
2023-11-20,"2 dose",2,28
2023-11-20,"5 dose",3,28
2023-11-20,"4 dose",20,28
2023-11-20,"3 dose",2,28
2023-11-21,"6 dose",2,44
2023-11-21,"3 dose",5,44
2023-11-21,"4 dose",28,44
2023-11-21,"1 dose",2,44
2023-11-21,"5 dose",7,44
2023-11-22,"4 dose",29,36
2023-11-22,"5 dose",1,36
2023-11-22,"6 dose",2,36
2023-11-22,"3 dose",3,36
2023-11-22,"2 dose",1,36
2023-11-23,"4 dose",16,29
2023-11-23,"5 dose",5,29
2023-11-23,"6 dose",5,29
2023-11-23,"1 dose",1,29
2023-11-23,"3 dose",2,29
2023-11-24,"7 dose",1,37
2023-11-24,"6 dose",9,37
2023-11-24,"3 dose",2,37
2023-11-24,"4 dose",21,37
2023-11-24,"2 dose",1,37
2023-11-24,"5 dose",3,37
2023-11-25,"6 dose",2,26
2023-11-25,"1 dose",1,26
2023-11-25,"4 dose",17,26
2023-11-25,"2 dose",1,26
2023-11-25,"3 dose",2,26
2023-11-25,"5 dose",3,26
2023-11-26,"1 dose",1,13
2023-11-26,"2 dose",2,13
2023-11-26,"5 dose",2,13
2023-11-26,"4 dose",8,13
2023-11-27,"4 dose",24,33
2023-11-27,"5 dose",6,33
2023-11-27,"6 dose",2,33
2023-11-27,"1 dose",1,33
2023-11-28,"6 dose",4,28
2023-11-28,"5 dose",4,28
2023-11-28,"4 dose",18,28
2023-11-28,"3 dose",1,28
2023-11-28,"1 dose",1,28
2023-11-29,"5 dose",1,24
2023-11-29,"2 dose",1,24
2023-11-29,"1 dose",1,24
2023-11-29,"4 dose",20,24
2023-11-29,"3 dose",1,24
2023-11-30,"4 dose",29,35
2023-11-30,"6 dose",2,35
2023-11-30,"2 dose",1,35
2023-11-30,"3 dose",3,35
2023-12-01,"4 dose",25,31
2023-12-01,"2 dose",1,31
2023-12-01,"3 dose",2,31
2023-12-01,"6 dose",2,31
2023-12-01,"7 dose",1,31
2023-12-02,"4 dose",9,13
2023-12-02,"5 dose",1,13
2023-12-02,"1 dose",1,13
2023-12-02,"6 dose",2,13
2023-12-03,"6 dose",2,9
2023-12-03,"3 dose",1,9
2023-12-03,"4 dose",6,9
2023-12-04,"4 dose",15,22
2023-12-04,"3 dose",3,22
2023-12-04,"6 dose",2,22
2023-12-04,"5 dose",2,22
2023-12-05,"3 dose",3,28
2023-12-05,"6 dose",6,28
2023-12-05,"4 dose",15,28
2023-12-05,"1 dose",1,28
2023-12-05,"5 dose",3,28
2023-12-06,"6 dose",2,23
2023-12-06,"5 dose",1,23
2023-12-06,"4 dose",18,23
2023-12-06,"1 dose",2,23
2023-12-07,"6 dose",1,20
2023-12-07,"5 dose",1,20
2023-12-07,"1 dose",2,20
2023-12-07,"4 dose",15,20
2023-12-07,"3 dose",1,20
2023-12-08,"3 dose",1,17
2023-12-08,"4 dose",12,17
2023-12-08,"2 dose",4,17
2023-12-09,"3 dose",1,17
2023-12-09,"4 dose",11,17
2023-12-09,"5 dose",2,17
2023-12-09,"6 dose",1,17
2023-12-09,"1 dose",1,17
2023-12-09,"2 dose",1,17
2023-12-10,"4 dose",6,8
2023-12-10,"3 dose",1,8
2023-12-10,"1 dose",1,8
2023-12-11,"7 dose",1,22
2023-12-11,"6 dose",3,22
2023-12-11,"3 dose",2,22
2023-12-11,"4 dose",16,22
2023-12-12,"5 dose",2,20
2023-12-12,"6 dose",2,20
2023-12-12,"4 dose",12,20
2023-12-12,"3 dose",3,20
2023-12-12,"2 dose",1,20
2023-12-13,"1 dose",2,8
2023-12-13,"4 dose",6,8
2023-12-14,"4 dose",9,15
2023-12-14,"5 dose",1,15
2023-12-14,"3 dose",1,15
2023-12-14,"6 dose",1,15
2023-12-14,"7 dose",1,15
2023-12-14,"2 dose",2,15
2023-12-15,"3 dose",1,9
2023-12-15,"6 dose",1,9
2023-12-15,"4 dose",6,9
2023-12-15,"2 dose",1,9
2023-12-16,"4 dose",3,7
2023-12-16,"6 dose",1,7
2023-12-16,"1 dose",1,7
2023-12-16,"3 dose",2,7
2023-12-17,"5 dose",1,5
2023-12-17,"1 dose",1,5
2023-12-17,"4 dose",1,5
2023-12-17,"3 dose",1,5
2023-12-18,"6 dose",2,14
2023-12-18,"5 dose",1,14
2023-12-18,"3 dose",2,14
2023-12-18,"4 dose",7,14
2023-12-18,"7 dose",2,14
2023-12-19,"4 dose",9,12
2023-12-19,"6 dose",1,12
2023-12-19,"3 dose",2,12
2023-12-20,"6 dose",1,8
2023-12-20,"4 dose",4,8
2023-12-20,"1 dose",2,8
2023-12-20,"5 dose",1,8
2023-12-21,"4 dose",4,5
2023-12-22,"5 dose",1,6
2023-12-22,"6 dose",2,6
2023-12-22,"4 dose",2,6
2023-12-22,"2 dose",1,6
2023-12-23,"4 dose",1,5
2023-12-24,"4 dose",1,5
2023-12-28,"7 dose",1,6
2023-12-28,"4 dose",5,6
2023-12-29,"6 dose",2,6
2023-12-29,"4 dose",4,6
2023-12-30,"5 dose",2,5
2024-01-02,"4 dose",1,5
2024-01-02,"5 dose",1,5
2024-01-02,"1 dose",1,5
2024-01-03,"4 dose",1,5
2024-01-04,"4 dose",1,5
2024-01-05,"1 dose",1,5
2024-01-05,"4 dose",1,5
2024-01-07,"5 dose",1,5
2024-01-07,"4 dose",2,5
2024-01-08,"4 dose",1,5
2024-01-09,"5 dose",1,5
2024-01-09,"4 dose",2,5
2024-01-09,"6 dose",1,5
2024-01-10,"5 dose",1,5
2024-01-10,"2 dose",1,5
2024-01-10,"6 dose",1,5
2024-01-11,"4 dose",2,5
2024-01-11,"3 dose",1,5
2024-01-12,"4 dose",4,5
2024-01-12,"5 dose",1,5
2024-01-13,"4 dose",2,5
2024-01-15,"1 dose",1,5
2024-01-15,"6 dose",2,5
2024-01-15,"4 dose",1,5
2024-01-16,"6 dose",2,5
2024-01-16,"4 dose",2,5
2024-01-17,"5 dose",1,5
2024-01-17,"4 dose",3,5
2024-01-18,"4 dose",2,5
2024-01-19,"4 dose",3,5
2024-01-20,"4 dose",1,5
2024-01-20,"5 dose",1,5
2024-01-20,"3 dose",2,5
2024-01-22,"6 dose",1,5
2024-01-22,"4 dose",3,5
2024-01-23,"4 dose",1,5
2024-01-24,"4 dose",2,5
2024-01-25,"6 dose",1,5
2024-01-26,"6 dose",2,5
2024-01-27,"4 dose",2,5
2024-01-27,"3 dose",1,5
2024-01-29,"3 dose",1,5
2024-01-31,"5 dose",1,5
2024-02-02,"3 dose",1,5
2024-02-03,"4 dose",1,5
2024-02-06,"7 dose",1,5
2024-02-08,"2 dose",1,5
2024-02-10,"4 dose",1,5
2024-02-12,"4 dose",2,5
2024-02-14,"4 dose",1,5
2024-02-15,"3 dose",1,5
2024-02-16,"4 dose",1,5
2024-02-16,"6 dose",1,5
2024-02-20,"4 dose",1,5
2024-02-21,"4 dose",1,5
2024-02-26,"4 dose",4,5
2024-03-01,"4 dose",1,5
2024-03-14,"4 dose",1,5
2024-03-18,"4 dose",1,5
2024-03-19,"4 dose",1,5
2024-03-28,"4 dose",1,5
2024-04-02,"6 dose",3,7
2024-04-02,"7 dose",4,7
2024-04-03,"5 dose",1,10
2024-04-03,"6 dose",2,10
2024-04-03,"4 dose",1,10
2024-04-03,"2 dose",1,10
2024-04-03,"7 dose",5,10
2024-04-04,"2 dose",1,14
2024-04-04,"7 dose",4,14
2024-04-04,"3 dose",1,14
2024-04-04,"6 dose",4,14
2024-04-04,"5 dose",4,14
2024-04-05,"6 dose",1,5
2024-04-05,"5 dose",1,5
2024-04-05,"7 dose",1,5
2024-04-05,"1 dose",1,5
2024-04-06,"6 dose",1,5
2024-04-06,"7 dose",3,5
2024-04-07,"4 dose",1,5
2024-04-07,"5 dose",1,5
2024-04-08,"6 dose",2,5
2024-04-08,"5 dose",1,5
2024-04-08,"7 dose",1,5
2024-04-09,"6 dose",3,8
2024-04-09,"7 dose",2,8
2024-04-09,"2 dose",1,8
2024-04-09,"8 dose",1,8
2024-04-09,"3 dose",1,8
2024-04-10,"3 dose",2,7
2024-04-10,"1 dose",2,7
2024-04-10,"5 dose",3,7
2024-04-11,"3 dose",1,6
2024-04-11,"7 dose",3,6
2024-04-11,"2 dose",1,6
2024-04-11,"6 dose",1,6
2024-04-12,"1 dose",1,6
2024-04-12,"7 dose",3,6
2024-04-12,"2 dose",1,6
2024-04-12,"5 dose",1,6
2024-04-13,"6 dose",1,7
2024-04-13,"7 dose",5,7
2024-04-13,"5 dose",1,7
2024-04-14,"7 dose",1,5
2024-04-14,"5 dose",2,5
2024-04-15,"8 dose",4,29
2024-04-15,"6 dose",5,29
2024-04-15,"5 dose",1,29
2024-04-15,"4 dose",1,29
2024-04-15,"7 dose",18,29
2024-04-16,"5 dose",4,36
2024-04-16,"2 dose",1,36
2024-04-16,"6 dose",6,36
2024-04-16,"7 dose",21,36
2024-04-16,"4 dose",2,36
2024-04-16,"3 dose",2,36
2024-04-17,"6 dose",5,29
2024-04-17,"5 dose",3,29
2024-04-17,"1 dose",1,29
2024-04-17,"7 dose",18,29
2024-04-17,"4 dose",1,29
2024-04-17,"3 dose",1,29
2024-04-18,"6 dose",7,31
2024-04-18,"5 dose",3,31
2024-04-18,"8 dose",1,31
2024-04-18,"7 dose",17,31
2024-04-18,"4 dose",1,31
2024-04-18,"2 dose",1,31
2024-04-18,"9 dose",1,31
2024-04-19,"7 dose",19,28
2024-04-19,"6 dose",6,28
2024-04-19,"5 dose",2,28
2024-04-19,"3 dose",1,28
2024-04-20,"3 dose",1,20
2024-04-20,"7 dose",15,20
2024-04-20,"6 dose",2,20
2024-04-20,"5 dose",2,20
2024-04-21,"6 dose",1,7
2024-04-21,"7 dose",6,7
2024-04-22,"1 dose",2,22
2024-04-22,"3 dose",1,22
2024-04-22,"6 dose",5,22
2024-04-22,"7 dose",10,22
2024-04-22,"5 dose",4,22
2024-04-23,"7 dose",15,27
2024-04-23,"5 dose",4,27
2024-04-23,"6 dose",5,27
2024-04-23,"8 dose",1,27
2024-04-23,"2 dose",1,27
2024-04-23,"3 dose",1,27
2024-04-24,"6 dose",5,29
2024-04-24,"1 dose",1,29
2024-04-24,"5 dose",4,29
2024-04-24,"7 dose",18,29
2024-04-24,"3 dose",1,29
2024-04-25,"6 dose",9,37
2024-04-25,"1 dose",1,37
2024-04-25,"5 dose",2,37
2024-04-25,"7 dose",25,37
2024-04-26,"7 dose",20,32
2024-04-26,"5 dose",3,32
2024-04-26,"3 dose",1,32
2024-04-26,"6 dose",7,32
2024-04-26,"8 dose",1,32
2024-04-27,"6 dose",3,21
2024-04-27,"5 dose",4,21
2024-04-27,"3 dose",1,21
2024-04-27,"7 dose",13,21
2024-04-28,"7 dose",5,7
2024-04-28,"2 dose",2,7
2024-04-29,"7 dose",14,24
2024-04-29,"6 dose",5,24
2024-04-29,"5 dose",5,24
2024-04-30,"3 dose",1,27
2024-04-30,"7 dose",21,27
2024-04-30,"5 dose",2,27
2024-04-30,"6 dose",3,27
2024-05-01,"5 dose",3,29
2024-05-01,"6 dose",7,29
2024-05-01,"7 dose",17,29
2024-05-01,"1 dose",2,29
2024-05-02,"2 dose",1,32
2024-05-02,"7 dose",20,32
2024-05-02,"5 dose",3,32
2024-05-02,"4 dose",1,32
2024-05-02,"8 dose",1,32
2024-05-02,"6 dose",6,32
2024-05-03,"7 dose",14,21
2024-05-03,"6 dose",5,21
2024-05-03,"5 dose",1,21
2024-05-03,"2 dose",1,21
2024-05-04,"7 dose",4,9
2024-05-04,"2 dose",1,9
2024-05-04,"1 dose",1,9
2024-05-04,"5 dose",1,9
2024-05-04,"6 dose",2,9
2024-05-05,"7 dose",6,9
2024-05-05,"8 dose",1,9
2024-05-05,"6 dose",1,9
2024-05-05,"1 dose",1,9
2024-05-06,"7 dose",2,5
2024-05-06,"5 dose",1,5
2024-05-07,"6 dose",8,26
2024-05-07,"4 dose",1,26
2024-05-07,"5 dose",4,26
2024-05-07,"7 dose",13,26
2024-05-08,"7 dose",12,18
2024-05-08,"6 dose",4,18
2024-05-08,"1 dose",2,18
2024-05-09,"8 dose",1,36
2024-05-09,"5 dose",4,36
2024-05-09,"6 dose",11,36
2024-05-09,"7 dose",18,36
2024-05-09,"3 dose",1,36
2024-05-09,"2 dose",1,36
2024-05-10,"6 dose",4,26
2024-05-10,"4 dose",1,26
2024-05-10,"7 dose",19,26
2024-05-10,"5 dose",1,26
2024-05-10,"8 dose",1,26
2024-05-11,"8 dose",1,23
2024-05-11,"6 dose",4,23
2024-05-11,"7 dose",17,23
2024-05-11,"5 dose",1,23
2024-05-12,"7 dose",8,10
2024-05-12,"6 dose",2,10
2024-05-13,"5 dose",3,15
2024-05-13,"6 dose",2,15
2024-05-13,"7 dose",10,15
2024-05-14,"5 dose",2,26
2024-05-14,"7 dose",21,26
2024-05-14,"3 dose",1,26
2024-05-14,"6 dose",2,26
2024-05-15,"7 dose",14,28
2024-05-15,"6 dose",8,28
2024-05-15,"4 dose",1,28
2024-05-15,"5 dose",5,28
2024-05-16,"5 dose",3,22
2024-05-16,"6 dose",4,22
2024-05-16,"7 dose",15,22
2024-05-17,"1 dose",2,24
2024-05-17,"7 dose",9,24
2024-05-17,"4 dose",1,24
2024-05-17,"8 dose",2,24
2024-05-17,"6 dose",6,24
2024-05-17,"5 dose",4,24
2024-05-18,"5 dose",3,17
2024-05-18,"7 dose",9,17
2024-05-18,"6 dose",5,17
2024-05-19,"7 dose",1,5
2024-05-20,"8 dose",1,17
2024-05-20,"4 dose",1,17
2024-05-20,"7 dose",9,17
2024-05-20,"6 dose",4,17
2024-05-20,"5 dose",2,17
2024-05-21,"5 dose",3,19
2024-05-21,"7 dose",10,19
2024-05-21,"8 dose",1,19
2024-05-21,"6 dose",5,19
2024-05-22,"7 dose",9,13
2024-05-22,"6 dose",2,13
2024-05-22,"5 dose",1,13
2024-05-22,"8 dose",1,13
2024-05-23,"7 dose",6,14
2024-05-23,"3 dose",1,14
2024-05-23,"1 dose",1,14
2024-05-23,"6 dose",6,14
2024-05-24,"5 dose",2,12
2024-05-24,"6 dose",4,12
2024-05-24,"2 dose",1,12
2024-05-24,"7 dose",5,12
2024-05-25,"5 dose",1,11
2024-05-25,"2 dose",1,11
2024-05-25,"7 dose",4,11
2024-05-25,"1 dose",3,11
2024-05-25,"6 dose",2,11
2024-05-26,"7 dose",1,5
2024-05-26,"6 dose",1,5
2024-05-26,"5 dose",1,5
2024-05-27,"5 dose",2,9
2024-05-27,"6 dose",1,9
2024-05-27,"7 dose",6,9
2024-05-28,"1 dose",1,12
2024-05-28,"7 dose",6,12
2024-05-28,"6 dose",2,12
2024-05-28,"3 dose",2,12
2024-05-28,"5 dose",1,12
2024-05-29,"7 dose",4,9
2024-05-29,"6 dose",2,9
2024-05-29,"8 dose",1,9
2024-05-29,"5 dose",1,9
2024-05-29,"4 dose",1,9
2024-05-30,"7 dose",5,12
2024-05-30,"5 dose",2,12
2024-05-30,"2 dose",1,12
2024-05-30,"6 dose",1,12
2024-05-30,"4 dose",2,12
2024-05-30,"3 dose",1,12
2024-05-31,"5 dose",1,10
2024-05-31,"4 dose",1,10
2024-05-31,"1 dose",1,10
2024-05-31,"7 dose",4,10
2024-05-31,"6 dose",2,10
2024-05-31,"8 dose",1,10
2024-06-01,"7 dose",5,8
2024-06-01,"6 dose",2,8
2024-06-01,"5 dose",1,8
2024-06-02,"6 dose",2,5
2024-06-02,"7 dose",1,5
2024-06-02,"5 dose",1,5
2024-06-03,"8 dose",1,7
2024-06-03,"7 dose",1,7
2024-06-03,"5 dose",3,7
2024-06-03,"6 dose",2,7
2024-06-04,"5 dose",3,8
2024-06-04,"6 dose",1,8
2024-06-04,"2 dose",1,8
2024-06-04,"7 dose",3,8
2024-06-05,"6 dose",3,8
2024-06-05,"5 dose",2,8
2024-06-05,"8 dose",1,8
2024-06-05,"7 dose",2,8
2024-06-06,"7 dose",6,9
2024-06-06,"5 dose",1,9
2024-06-06,"6 dose",2,9
2024-06-07,"6 dose",4,13
2024-06-07,"5 dose",2,13
2024-06-07,"1 dose",2,13
2024-06-07,"4 dose",1,13
2024-06-07,"7 dose",3,13
2024-06-07,"8 dose",1,13
2024-06-08,"7 dose",2,5
2024-06-08,"4 dose",1,5
2024-06-08,"6 dose",2,5
2024-06-09,"5 dose",1,6
2024-06-09,"6 dose",2,6
2024-06-09,"7 dose",2,6
2024-06-09,"2 dose",1,6
2024-06-10,"7 dose",2,6
2024-06-10,"5 dose",2,6
2024-06-10,"6 dose",2,6
2024-06-11,"7 dose",3,5
2024-06-12,"6 dose",1,5
2024-06-12,"7 dose",1,5
2024-06-13,"2 dose",1,8
2024-06-13,"7 dose",1,8
2024-06-13,"5 dose",4,8
2024-06-13,"6 dose",2,8
2024-06-14,"8 dose",1,5
2024-06-14,"4 dose",1,5
2024-06-14,"7 dose",2,5
2024-06-15,"6 dose",1,6
2024-06-15,"7 dose",4,6
2024-06-15,"5 dose",1,6
2024-06-16,"6 dose",1,5
2024-06-16,"7 dose",1,5
2024-06-17,"7 dose",1,5
2024-06-17,"1 dose",1,5
2024-06-17,"5 dose",1,5
2024-06-18,"5 dose",2,5
2024-06-18,"7 dose",2,5
2024-06-18,"6 dose",1,5
2024-06-19,"8 dose",1,5
2024-06-19,"6 dose",1,5
2024-06-19,"5 dose",1,5
2024-06-20,"7 dose",2,5
2024-06-21,"7 dose",3,5
2024-06-21,"2 dose",1,5
2024-06-22,"7 dose",2,5
2024-06-22,"6 dose",1,5
2024-06-23,"1 dose",1,5
2024-06-24,"5 dose",1,6
2024-06-24,"4 dose",2,6
2024-06-24,"7 dose",2,6
2024-06-24,"6 dose",1,6
2024-06-25,"8 dose",1,5
2024-06-26,"1 dose",1,5
2024-06-26,"6 dose",1,5
2024-06-26,"7 dose",1,5
2024-06-27,"7 dose",2,5
2024-06-27,"8 dose",1,5
2024-06-28,"5 dose",1,5
2024-06-28,"6 dose",2,5
2024-06-28,"3 dose",1,5
2024-06-29,"5 dose",1,5
2024-06-29,"7 dose",1,5
2024-06-29,"6 dose",2,5
2024-06-30,"8 dose",1,5
2024-07-04,"5 dose",1,5
2024-07-13,"3 dose",1,5
2024-07-25,"1 dose",1,5
2024-07-31,"4 dose",1,5
2024-09-23,"8 dose",1,5
2024-09-23,"3 dose",1,5
2024-09-24,"9 dose",1,5
2024-09-24,"8 dose",1,5
2024-09-25,"5 dose",2,5
2024-09-25,"8 dose",1,5
2024-09-25,"6 dose",1,5
2024-09-26,"4 dose",2,6
2024-09-26,"8 dose",1,6
2024-09-26,"3 dose",1,6
2024-09-26,"2 dose",2,6
2024-09-27,"5 dose",3,5
2024-09-27,"4 dose",1,5
2024-09-28,"5 dose",5,15
2024-09-28,"4 dose",1,15
2024-09-28,"8 dose",3,15
2024-09-28,"1 dose",1,15
2024-09-28,"7 dose",5,15
2024-09-29,"1 dose",1,5
2024-09-29,"8 dose",2,5
2024-09-30,"8 dose",2,10
2024-09-30,"4 dose",2,10
2024-09-30,"5 dose",2,10
2024-09-30,"3 dose",1,10
2024-09-30,"7 dose",1,10
2024-09-30,"2 dose",2,10
2024-10-01,"8 dose",9,31
2024-10-01,"7 dose",1,31
2024-10-01,"6 dose",2,31
2024-10-01,"4 dose",5,31
2024-10-01,"3 dose",1,31
2024-10-01,"5 dose",10,31
2024-10-01,"1 dose",3,31
2024-10-02,"2 dose",1,27
2024-10-02,"3 dose",1,27
2024-10-02,"6 dose",7,27
2024-10-02,"8 dose",6,27
2024-10-02,"9 dose",1,27
2024-10-02,"5 dose",4,27
2024-10-02,"7 dose",7,27
2024-10-03,"3 dose",1,27
2024-10-03,"5 dose",6,27
2024-10-03,"1 dose",1,27
2024-10-03,"9 dose",2,27
2024-10-03,"8 dose",10,27
2024-10-03,"7 dose",3,27
2024-10-03,"4 dose",1,27
2024-10-03,"6 dose",3,27
2024-10-04,"1 dose",2,24
2024-10-04,"8 dose",10,24
2024-10-04,"6 dose",2,24
2024-10-04,"4 dose",1,24
2024-10-04,"5 dose",6,24
2024-10-04,"7 dose",3,24
2024-10-05,"4 dose",2,58
2024-10-05,"1 dose",1,58
2024-10-05,"2 dose",2,58
2024-10-05,"9 dose",1,58
2024-10-05,"6 dose",3,58
2024-10-05,"5 dose",13,58
2024-10-05,"3 dose",3,58
2024-10-05,"8 dose",26,58
2024-10-05,"7 dose",7,58
2024-10-06,"6 dose",2,12
2024-10-06,"5 dose",2,12
2024-10-06,"7 dose",3,12
2024-10-06,"4 dose",1,12
2024-10-06,"8 dose",4,12
2024-10-07,"7 dose",3,29
2024-10-07,"5 dose",10,29
2024-10-07,"8 dose",14,29
2024-10-07,"1 dose",2,29
2024-10-08,"6 dose",7,50
2024-10-08,"4 dose",4,50
2024-10-08,"2 dose",1,50
2024-10-08,"3 dose",3,50
2024-10-08,"5 dose",15,50
2024-10-08,"1 dose",5,50
2024-10-08,"7 dose",4,50
2024-10-08,"8 dose",11,50
2024-10-09,"4 dose",2,33
2024-10-09,"8 dose",13,33
2024-10-09,"5 dose",10,33
2024-10-09,"2 dose",1,33
2024-10-09,"1 dose",1,33
2024-10-09,"7 dose",5,33
2024-10-09,"6 dose",1,33
2024-10-10,"2 dose",2,35
2024-10-10,"5 dose",10,35
2024-10-10,"3 dose",1,35
2024-10-10,"6 dose",6,35
2024-10-10,"7 dose",6,35
2024-10-10,"1 dose",1,35
2024-10-10,"4 dose",1,35
2024-10-10,"8 dose",8,35
2024-10-11,"9 dose",1,43
2024-10-11,"4 dose",1,43
2024-10-11,"8 dose",13,43
2024-10-11,"6 dose",2,43
2024-10-11,"5 dose",16,43
2024-10-11,"3 dose",4,43
2024-10-11,"2 dose",1,43
2024-10-11,"7 dose",5,43
2024-10-12,"8 dose",24,81
2024-10-12,"4 dose",5,81
2024-10-12,"3 dose",3,81
2024-10-12,"5 dose",20,81
2024-10-12,"7 dose",16,81
2024-10-12,"9 dose",2,81
2024-10-12,"6 dose",8,81
2024-10-12,"1 dose",3,81
2024-10-13,"6 dose",3,13
2024-10-13,"7 dose",1,13
2024-10-13,"2 dose",2,13
2024-10-13,"3 dose",1,13
2024-10-13,"5 dose",3,13
2024-10-13,"8 dose",3,13
2024-10-14,"3 dose",1,47
2024-10-14,"7 dose",7,47
2024-10-14,"4 dose",2,47
2024-10-14,"6 dose",2,47
2024-10-14,"2 dose",1,47
2024-10-14,"1 dose",1,47
2024-10-14,"5 dose",13,47
2024-10-14,"9 dose",1,47
2024-10-14,"8 dose",19,47
2024-10-15,"2 dose",1,53
2024-10-15,"1 dose",1,53
2024-10-15,"7 dose",5,53
2024-10-15,"5 dose",19,53
2024-10-15,"6 dose",7,53
2024-10-15,"4 dose",3,53
2024-10-15,"8 dose",17,53
2024-10-16,"5 dose",14,41
2024-10-16,"4 dose",1,41
2024-10-16,"6 dose",3,41
2024-10-16,"7 dose",3,41
2024-10-16,"8 dose",20,41
2024-10-17,"7 dose",8,37
2024-10-17,"4 dose",3,37
2024-10-17,"6 dose",2,37
2024-10-17,"5 dose",10,37
2024-10-17,"3 dose",1,37
2024-10-17,"8 dose",13,37
2024-10-18,"5 dose",12,40
2024-10-18,"2 dose",1,40
2024-10-18,"8 dose",14,40
2024-10-18,"7 dose",3,40
2024-10-18,"4 dose",5,40
2024-10-18,"6 dose",2,40
2024-10-18,"3 dose",1,40
2024-10-18,"1 dose",2,40
2024-10-19,"6 dose",5,57
2024-10-19,"8 dose",18,57
2024-10-19,"5 dose",20,57
2024-10-19,"3 dose",1,57
2024-10-19,"7 dose",10,57
2024-10-19,"4 dose",3,57
2024-10-20,"9 dose",1,10
2024-10-20,"7 dose",1,10
2024-10-20,"6 dose",1,10
2024-10-20,"5 dose",6,10
2024-10-20,"8 dose",1,10
2024-10-21,"7 dose",9,36
2024-10-21,"4 dose",4,36
2024-10-21,"8 dose",15,36
2024-10-21,"5 dose",5,36
2024-10-21,"2 dose",1,36
2024-10-21,"6 dose",2,36
2024-10-22,"5 dose",11,54
2024-10-22,"8 dose",17,54
2024-10-22,"1 dose",2,54
2024-10-22,"6 dose",11,54
2024-10-22,"7 dose",8,54
2024-10-22,"3 dose",2,54
2024-10-22,"2 dose",1,54
2024-10-22,"4 dose",2,54
2024-10-23,"2 dose",2,51
2024-10-23,"4 dose",3,51
2024-10-23,"6 dose",6,51
2024-10-23,"5 dose",18,51
2024-10-23,"3 dose",1,51
2024-10-23,"7 dose",6,51
2024-10-23,"8 dose",14,51
2024-10-23,"1 dose",1,51
2024-10-24,"5 dose",15,47
2024-10-24,"9 dose",1,47
2024-10-24,"7 dose",7,47
2024-10-24,"8 dose",16,47
2024-10-24,"4 dose",5,47
2024-10-24,"1 dose",1,47
2024-10-24,"6 dose",1,47
2024-10-24,"3 dose",1,47
2024-10-25,"6 dose",3,37
2024-10-25,"3 dose",1,37
2024-10-25,"8 dose",11,37
2024-10-25,"5 dose",7,37
2024-10-25,"1 dose",1,37
2024-10-25,"2 dose",3,37
2024-10-25,"7 dose",9,37
2024-10-25,"4 dose",2,37
2024-10-26,"2 dose",2,46
2024-10-26,"4 dose",4,46
2024-10-26,"6 dose",3,46
2024-10-26,"7 dose",6,46
2024-10-26,"8 dose",15,46
2024-10-26,"5 dose",15,46
2024-10-26,"1 dose",1,46
2024-10-27,"3 dose",1,14
2024-10-27,"6 dose",1,14
2024-10-27,"5 dose",7,14
2024-10-27,"2 dose",1,14
2024-10-27,"8 dose",4,14
2024-10-28,"6 dose",4,47
2024-10-28,"9 dose",1,47
2024-10-28,"8 dose",16,47
2024-10-28,"7 dose",7,47
2024-10-28,"5 dose",19,47
2024-10-29,"4 dose",4,51
2024-10-29,"9 dose",1,51
2024-10-29,"8 dose",14,51
2024-10-29,"2 dose",3,51
2024-10-29,"3 dose",1,51
2024-10-29,"1 dose",1,51
2024-10-29,"6 dose",8,51
2024-10-29,"5 dose",18,51
2024-10-29,"7 dose",1,51
2024-10-30,"8 dose",3,29
2024-10-30,"1 dose",1,29
2024-10-30,"4 dose",3,29
2024-10-30,"5 dose",13,29
2024-10-30,"7 dose",5,29
2024-10-30,"6 dose",4,29
2024-10-31,"4 dose",3,33
2024-10-31,"7 dose",5,33
2024-10-31,"6 dose",2,33
2024-10-31,"2 dose",1,33
2024-10-31,"8 dose",6,33
2024-10-31,"5 dose",14,33
2024-10-31,"9 dose",2,33
2024-11-01,"4 dose",5,37
2024-11-01,"5 dose",18,37
2024-11-01,"6 dose",2,37
2024-11-01,"1 dose",1,37
2024-11-01,"8 dose",7,37
2024-11-01,"7 dose",4,37
2024-11-02,"6 dose",2,23
2024-11-02,"7 dose",2,23
2024-11-02,"5 dose",12,23
2024-11-02,"4 dose",2,23
2024-11-02,"2 dose",1,23
2024-11-02,"1 dose",2,23
2024-11-02,"8 dose",2,23
2024-11-03,"1 dose",1,15
2024-11-03,"5 dose",12,15
2024-11-03,"8 dose",1,15
2024-11-03,"9 dose",1,15
2024-11-04,"4 dose",2,38
2024-11-04,"3 dose",1,38
2024-11-04,"9 dose",1,38
2024-11-04,"8 dose",5,38
2024-11-04,"5 dose",19,38
2024-11-04,"6 dose",4,38
2024-11-04,"7 dose",6,38
2024-11-05,"9 dose",2,35
2024-11-05,"6 dose",2,35
2024-11-05,"4 dose",4,35
2024-11-05,"7 dose",2,35
2024-11-05,"5 dose",9,35
2024-11-05,"8 dose",14,35
2024-11-05,"3 dose",2,35
2024-11-06,"3 dose",1,30
2024-11-06,"8 dose",4,30
2024-11-06,"5 dose",17,30
2024-11-06,"4 dose",2,30
2024-11-06,"1 dose",2,30
2024-11-06,"7 dose",4,30
2024-11-07,"1 dose",1,38
2024-11-07,"7 dose",7,38
2024-11-07,"2 dose",2,38
2024-11-07,"8 dose",10,38
2024-11-07,"6 dose",2,38
2024-11-07,"4 dose",1,38
2024-11-07,"5 dose",15,38
2024-11-08,"3 dose",3,32
2024-11-08,"5 dose",15,32
2024-11-08,"2 dose",1,32
2024-11-08,"7 dose",3,32
2024-11-08,"1 dose",1,32
2024-11-08,"8 dose",8,32
2024-11-08,"4 dose",1,32
2024-11-09,"8 dose",5,15
2024-11-09,"4 dose",2,15
2024-11-09,"3 dose",1,15
2024-11-09,"1 dose",1,15
2024-11-09,"7 dose",1,15
2024-11-09,"5 dose",5,15
2024-11-10,"7 dose",2,16
2024-11-10,"4 dose",4,16
2024-11-10,"8 dose",1,16
2024-11-10,"5 dose",7,16
2024-11-10,"1 dose",1,16
2024-11-10,"6 dose",1,16
2024-11-11,"7 dose",5,33
2024-11-11,"6 dose",2,33
2024-11-11,"2 dose",1,33
2024-11-11,"8 dose",6,33
2024-11-11,"5 dose",17,33
2024-11-11,"4 dose",2,33
2024-11-12,"9 dose",1,47
2024-11-12,"1 dose",1,47
2024-11-12,"3 dose",2,47
2024-11-12,"4 dose",1,47
2024-11-12,"7 dose",6,47
2024-11-12,"5 dose",25,47
2024-11-12,"8 dose",7,47
2024-11-12,"6 dose",3,47
2024-11-12,"2 dose",1,47
2024-11-13,"5 dose",21,33
2024-11-13,"2 dose",1,33
2024-11-13,"4 dose",4,33
2024-11-13,"8 dose",3,33
2024-11-13,"6 dose",4,33
2024-11-14,"8 dose",5,29
2024-11-14,"5 dose",17,29
2024-11-14,"1 dose",1,29
2024-11-14,"6 dose",2,29
2024-11-14,"2 dose",3,29
2024-11-14,"4 dose",1,29
2024-11-15,"1 dose",1,38
2024-11-15,"3 dose",4,38
2024-11-15,"7 dose",3,38
2024-11-15,"2 dose",1,38
2024-11-15,"6 dose",2,38
2024-11-15,"4 dose",3,38
2024-11-15,"9 dose",1,38
2024-11-15,"8 dose",4,38
2024-11-15,"5 dose",19,38
2024-11-16,"5 dose",16,27
2024-11-16,"3 dose",2,27
2024-11-16,"1 dose",1,27
2024-11-16,"8 dose",4,27
2024-11-16,"2 dose",1,27
2024-11-16,"6 dose",1,27
2024-11-16,"7 dose",2,27
2024-11-17,"7 dose",1,17
2024-11-17,"6 dose",3,17
2024-11-17,"3 dose",1,17
2024-11-17,"1 dose",1,17
2024-11-17,"5 dose",11,17
2024-11-18,"7 dose",2,35
2024-11-18,"8 dose",5,35
2024-11-18,"1 dose",1,35
2024-11-18,"9 dose",1,35
2024-11-18,"6 dose",1,35
2024-11-18,"2 dose",1,35
2024-11-18,"4 dose",3,35
2024-11-18,"5 dose",21,35
2024-11-19,"7 dose",5,42
2024-11-19,"3 dose",2,42
2024-11-19,"1 dose",4,42
2024-11-19,"8 dose",1,42
2024-11-19,"5 dose",26,42
2024-11-19,"4 dose",1,42
2024-11-19,"6 dose",3,42
2024-11-20,"6 dose",2,26
2024-11-20,"8 dose",1,26
2024-11-20,"1 dose",2,26
2024-11-20,"7 dose",3,26
2024-11-20,"5 dose",16,26
2024-11-20,"2 dose",1,26
2024-11-20,"4 dose",1,26
2024-11-21,"5 dose",17,30
2024-11-21,"8 dose",2,30
2024-11-21,"3 dose",1,30
2024-11-21,"4 dose",3,30
2024-11-21,"2 dose",2,30
2024-11-21,"6 dose",2,30
2024-11-21,"1 dose",2,30
2024-11-21,"7 dose",1,30
2024-11-22,"5 dose",18,27
2024-11-22,"1 dose",1,27
2024-11-22,"8 dose",3,27
2024-11-22,"4 dose",2,27
2024-11-22,"6 dose",1,27
2024-11-22,"7 dose",2,27
2024-11-23,"4 dose",2,18
2024-11-23,"7 dose",2,18
2024-11-23,"5 dose",12,18
2024-11-23,"6 dose",2,18
2024-11-24,"3 dose",1,9
2024-11-24,"7 dose",1,9
2024-11-24,"6 dose",1,9
2024-11-24,"5 dose",6,9
2024-11-25,"9 dose",1,22
2024-11-25,"8 dose",2,22
2024-11-25,"1 dose",1,22
2024-11-25,"5 dose",13,22
2024-11-25,"7 dose",4,22
2024-11-25,"6 dose",1,22
2024-11-26,"7 dose",3,24
2024-11-26,"6 dose",1,24
2024-11-26,"8 dose",2,24
2024-11-26,"5 dose",17,24
2024-11-26,"4 dose",1,24
2024-11-27,"3 dose",2,26
2024-11-27,"5 dose",11,26
2024-11-27,"2 dose",2,26
2024-11-27,"6 dose",1,26
2024-11-27,"7 dose",3,26
2024-11-27,"8 dose",2,26
2024-11-27,"1 dose",2,26
2024-11-27,"4 dose",3,26
2024-11-28,"5 dose",12,26
2024-11-28,"3 dose",1,26
2024-11-28,"6 dose",3,26
2024-11-28,"2 dose",1,26
2024-11-28,"7 dose",3,26
2024-11-28,"9 dose",1,26
2024-11-28,"1 dose",1,26
2024-11-28,"8 dose",1,26
2024-11-28,"4 dose",3,26
2024-11-29,"6 dose",1,24
2024-11-29,"7 dose",3,24
2024-11-29,"5 dose",17,24
2024-11-29,"4 dose",3,24
2024-11-30,"6 dose",1,22
2024-11-30,"7 dose",1,22
2024-11-30,"1 dose",1,22
2024-11-30,"8 dose",2,22
2024-11-30,"5 dose",15,22
2024-11-30,"4 dose",1,22
2024-11-30,"2 dose",1,22
2024-12-01,"5 dose",3,5
2024-12-02,"5 dose",9,23
2024-12-02,"2 dose",1,23
2024-12-02,"4 dose",3,23
2024-12-02,"3 dose",2,23
2024-12-02,"8 dose",6,23
2024-12-02,"7 dose",2,23
2024-12-03,"6 dose",1,18
2024-12-03,"4 dose",3,18
2024-12-03,"8 dose",2,18
2024-12-03,"5 dose",11,18
2024-12-03,"1 dose",1,18
2024-12-04,"5 dose",10,15
2024-12-04,"6 dose",1,15
2024-12-04,"8 dose",2,15
2024-12-04,"1 dose",1,15
2024-12-04,"4 dose",1,15
2024-12-05,"2 dose",2,28
2024-12-05,"3 dose",3,28
2024-12-05,"6 dose",2,28
2024-12-05,"4 dose",5,28
2024-12-05,"5 dose",13,28
2024-12-05,"8 dose",3,28
2024-12-06,"7 dose",1,29
2024-12-06,"6 dose",1,29
2024-12-06,"5 dose",15,29
2024-12-06,"8 dose",4,29
2024-12-06,"4 dose",5,29
2024-12-06,"2 dose",1,29
2024-12-06,"1 dose",1,29
2024-12-06,"3 dose",1,29
2024-12-07,"8 dose",2,6
2024-12-07,"5 dose",4,6
2024-12-08,"2 dose",1,7
2024-12-08,"5 dose",5,7
2024-12-08,"1 dose",1,7
2024-12-09,"6 dose",2,35
2024-12-09,"8 dose",3,35
2024-12-09,"7 dose",2,35
2024-12-09,"5 dose",23,35
2024-12-09,"4 dose",5,35
2024-12-10,"5 dose",12,18
2024-12-10,"8 dose",1,18
2024-12-10,"6 dose",1,18
2024-12-10,"4 dose",3,18
2024-12-10,"1 dose",1,18
2024-12-11,"2 dose",1,16
2024-12-11,"5 dose",11,16
2024-12-11,"4 dose",4,16
2024-12-12,"8 dose",1,17
2024-12-12,"4 dose",3,17
2024-12-12,"6 dose",1,17
2024-12-12,"3 dose",1,17
2024-12-12,"5 dose",8,17
2024-12-12,"7 dose",3,17
2024-12-13,"8 dose",1,23
2024-12-13,"3 dose",3,23
2024-12-13,"5 dose",16,23
2024-12-13,"4 dose",2,23
2024-12-13,"7 dose",1,23
2024-12-14,"3 dose",2,10
2024-12-14,"5 dose",7,10
2024-12-14,"4 dose",1,10
2024-12-15,"5 dose",3,5
2024-12-15,"8 dose",1,5
2024-12-15,"2 dose",1,5
2024-12-16,"5 dose",5,10
2024-12-16,"1 dose",1,10
2024-12-16,"4 dose",3,10
2024-12-16,"7 dose",1,10
2024-12-17,"5 dose",14,19
2024-12-17,"6 dose",2,19
2024-12-17,"4 dose",2,19
2024-12-17,"8 dose",1,19
2024-12-18,"1 dose",2,11
2024-12-18,"8 dose",2,11
2024-12-18,"6 dose",2,11
2024-12-18,"5 dose",5,11
2024-12-19,"9 dose",1,13
2024-12-19,"5 dose",12,13
2024-12-20,"3 dose",1,12
2024-12-20,"8 dose",2,12
2024-12-20,"5 dose",6,12
2024-12-20,"4 dose",1,12
2024-12-20,"1 dose",1,12
2024-12-20,"6 dose",1,12
2024-12-21,"1 dose",1,5
2024-12-21,"5 dose",3,5
2024-12-21,"8 dose",1,5
2024-12-22,"4 dose",1,5
2024-12-22,"1 dose",1,5
2024-12-22,"5 dose",3,5
2024-12-23,"5 dose",4,6
2024-12-23,"2 dose",1,6
2024-12-23,"6 dose",1,6
2024-12-24,"5 dose",2,5
2024-12-27,"5 dose",1,5
2024-12-27,"8 dose",1,5
2024-12-28,"8 dose",1,5
2024-12-29,"5 dose",1,5
2024-12-30,"5 dose",1,5
2024-12-30,"7 dose",2,5
2024-12-31,"8 dose",1,5
2025-01-02,"5 dose",1,6
2025-01-02,"1 dose",2,6
2025-01-02,"4 dose",2,6
2025-01-02,"2 dose",1,6
2025-01-03,"5 dose",1,5
2025-01-03,"3 dose",1,5
2025-01-03,"1 dose",1,5
2025-01-04,"5 dose",3,5
2025-01-04,"3 dose",1,5
2025-01-05,"5 dose",1,5
2025-01-06,"5 dose",3,5
2025-01-06,"1 dose",1,5
2025-01-07,"4 dose",1,6
2025-01-07,"5 dose",1,6
2025-01-07,"8 dose",4,6
2025-01-08,"8 dose",1,5
2025-01-09,"1 dose",1,9
2025-01-09,"4 dose",1,9
2025-01-09,"5 dose",7,9
2025-01-10,"5 dose",2,5
2025-01-10,"4 dose",1,5
2025-01-11,"4 dose",1,5
2025-01-11,"5 dose",1,5
2025-01-13,"5 dose",1,5
2025-01-13,"4 dose",1,5
2025-01-14,"5 dose",4,6
2025-01-14,"3 dose",1,6
2025-01-14,"6 dose",1,6
2025-01-15,"5 dose",1,5
2025-01-17,"5 dose",1,5
2025-01-17,"4 dose",1,5
2025-01-17,"6 dose",1,5
2025-01-18,"8 dose",1,5
2025-01-18,"1 dose",1,5
2025-01-20,"3 dose",1,5
2025-01-20,"5 dose",1,5
2025-01-20,"8 dose",1,5
2025-01-20,"1 dose",1,5
2025-01-20,"9 dose",1,5
2025-01-21,"6 dose",1,5
2025-01-21,"5 dose",3,5
2025-01-22,"4 dose",3,6
2025-01-22,"5 dose",1,6
2025-01-22,"6 dose",1,6
2025-01-22,"1 dose",1,6
2025-01-23,"3 dose",1,5
2025-01-23,"4 dose",1,5
2025-01-24,"5 dose",1,5
2025-01-25,"8 dose",1,5
2025-01-26,"8 dose",1,5
2025-01-28,"2 dose",1,5
2025-01-28,"5 dose",1,5
2025-01-28,"7 dose",1,5
2025-01-30,"4 dose",1,5
2025-01-30,"5 dose",2,5
2025-01-31,"4 dose",1,5
2025-01-31,"6 dose",1,5
2025-02-05,"6 dose",1,5
2025-02-11,"8 dose",1,5
2025-02-11,"5 dose",1,5
2025-02-16,"8 dose",1,5
2025-02-18,"8 dose",1,5
2025-02-21,"4 dose",1,5
2025-03-22,"5 dose",1,5
2025-03-31,"6 dose",1,6
2025-03-31,"9 dose",4,6
2025-03-31,"7 dose",1,6
2025-04-01,"10 dose",1,16
2025-04-01,"9 dose",6,16
2025-04-01,"2 dose",1,16
2025-04-01,"1 dose",2,16
2025-04-01,"4 dose",1,16
2025-04-01,"5 dose",1,16
2025-04-01,"8 dose",4,16
2025-04-02,"3 dose",1,5
2025-04-02,"8 dose",1,5
2025-04-02,"7 dose",1,5
2025-04-03,"9 dose",2,6
2025-04-03,"4 dose",2,6
2025-04-03,"1 dose",1,6
2025-04-03,"7 dose",1,6
2025-04-04,"6 dose",1,7
2025-04-04,"5 dose",1,7
2025-04-04,"9 dose",3,7
2025-04-04,"4 dose",1,7
2025-04-04,"8 dose",1,7
2025-04-05,"7 dose",1,16
2025-04-05,"8 dose",4,16
2025-04-05,"9 dose",11,16
2025-04-07,"4 dose",1,9
2025-04-07,"8 dose",2,9
2025-04-07,"7 dose",1,9
2025-04-07,"9 dose",3,9
2025-04-07,"1 dose",2,9
2025-04-08,"9 dose",5,12
2025-04-08,"2 dose",1,12
2025-04-08,"1 dose",3,12
2025-04-08,"6 dose",1,12
2025-04-08,"7 dose",2,12
2025-04-09,"2 dose",1,6
2025-04-09,"10 dose",1,6
2025-04-09,"9 dose",2,6
2025-04-09,"1 dose",1,6
2025-04-09,"6 dose",1,6
2025-04-10,"8 dose",2,7
2025-04-10,"3 dose",2,7
2025-04-10,"9 dose",1,7
2025-04-10,"6 dose",1,7
2025-04-10,"5 dose",1,7
2025-04-11,"1 dose",1,6
2025-04-11,"8 dose",2,6
2025-04-11,"9 dose",3,6
2025-04-12,"3 dose",1,16
2025-04-12,"9 dose",10,16
2025-04-12,"8 dose",5,16
2025-04-13,"9 dose",1,5
2025-04-13,"8 dose",1,5
2025-04-14,"1 dose",1,13
2025-04-14,"9 dose",6,13
2025-04-14,"6 dose",2,13
2025-04-14,"7 dose",2,13
2025-04-14,"10 dose",1,13
2025-04-14,"3 dose",1,13
2025-04-15,"7 dose",3,27
2025-04-15,"8 dose",5,27
2025-04-15,"10 dose",2,27
2025-04-15,"6 dose",1,27
2025-04-15,"2 dose",1,27
2025-04-15,"1 dose",1,27
2025-04-15,"9 dose",14,27
2025-04-16,"9 dose",6,16
2025-04-16,"6 dose",3,16
2025-04-16,"8 dose",4,16
2025-04-16,"7 dose",2,16
2025-04-16,"5 dose",1,16
2025-04-17,"9 dose",7,14
2025-04-17,"10 dose",1,14
2025-04-17,"7 dose",4,14
2025-04-17,"8 dose",2,14
2025-04-18,"10 dose",1,5
2025-04-18,"6 dose",1,5
2025-04-18,"8 dose",1,5
2025-04-18,"9 dose",1,5
2025-04-19,"7 dose",1,8
2025-04-19,"9 dose",4,8
2025-04-19,"8 dose",2,8
2025-04-19,"3 dose",1,8
2025-04-20,"9 dose",5,7
2025-04-20,"7 dose",1,7
2025-04-20,"10 dose",1,7
2025-04-21,"1 dose",1,5
2025-04-21,"9 dose",2,5
2025-04-21,"8 dose",1,5
2025-04-21,"7 dose",1,5
2025-04-22,"1 dose",1,11
2025-04-22,"8 dose",2,11
2025-04-22,"3 dose",1,11
2025-04-22,"6 dose",1,11
2025-04-22,"9 dose",5,11
2025-04-22,"7 dose",1,11
2025-04-23,"4 dose",1,18
2025-04-23,"8 dose",4,18
2025-04-23,"7 dose",3,18
2025-04-23,"9 dose",10,18
2025-04-24,"6 dose",1,17
2025-04-24,"10 dose",1,17
2025-04-24,"8 dose",4,17
2025-04-24,"9 dose",11,17
2025-04-25,"8 dose",3,19
2025-04-25,"6 dose",1,19
2025-04-25,"9 dose",11,19
2025-04-25,"7 dose",3,19
2025-04-25,"5 dose",1,19
2025-04-26,"7 dose",4,16
2025-04-26,"6 dose",2,16
2025-04-26,"8 dose",1,16
2025-04-26,"5 dose",1,16
2025-04-26,"9 dose",8,16
2025-04-27,"5 dose",1,6
2025-04-27,"7 dose",1,6
2025-04-27,"9 dose",4,6
2025-04-28,"9 dose",4,15
2025-04-28,"2 dose",1,15
2025-04-28,"8 dose",4,15
2025-04-28,"10 dose",2,15
2025-04-28,"5 dose",1,15
2025-04-28,"7 dose",1,15
2025-04-28,"6 dose",2,15
2025-04-29,"4 dose",2,24
2025-04-29,"6 dose",2,24
2025-04-29,"8 dose",1,24
2025-04-29,"2 dose",2,24
2025-04-29,"9 dose",15,24
2025-04-29,"7 dose",2,24
2025-04-30,"9 dose",14,24
2025-04-30,"4 dose",2,24
2025-04-30,"8 dose",5,24
2025-04-30,"7 dose",3,24
2025-05-01,"7 dose",3,33
2025-05-01,"8 dose",6,33
2025-05-01,"4 dose",2,33
2025-05-01,"10 dose",2,33
2025-05-01,"9 dose",20,33
2025-05-02,"9 dose",6,14
2025-05-02,"8 dose",4,14
2025-05-02,"6 dose",2,14
2025-05-02,"7 dose",2,14
2025-05-03,"7 dose",1,9
2025-05-03,"8 dose",1,9
2025-05-03,"9 dose",7,9
2025-05-04,"9 dose",1,5
2025-05-04,"7 dose",1,5
2025-05-04,"8 dose",1,5
2025-05-04,"3 dose",2,5
2025-05-06,"6 dose",2,16
2025-05-06,"9 dose",9,16
2025-05-06,"3 dose",1,16
2025-05-06,"8 dose",2,16
2025-05-06,"2 dose",1,16
2025-05-06,"7 dose",1,16
2025-05-07,"8 dose",5,18
2025-05-07,"4 dose",1,18
2025-05-07,"6 dose",3,18
2025-05-07,"9 dose",9,18
2025-05-08,"8 dose",3,17
2025-05-08,"6 dose",3,17
2025-05-08,"5 dose",1,17
2025-05-08,"9 dose",9,17
2025-05-08,"4 dose",1,17
2025-05-09,"7 dose",2,25
2025-05-09,"9 dose",17,25
2025-05-09,"8 dose",3,25
2025-05-09,"6 dose",3,25
2025-05-10,"7 dose",1,6
2025-05-10,"9 dose",4,6
2025-05-10,"8 dose",1,6
2025-05-11,"9 dose",1,5
2025-05-11,"8 dose",1,5
2025-05-12,"6 dose",1,12
2025-05-12,"9 dose",8,12
2025-05-12,"8 dose",1,12
2025-05-12,"7 dose",1,12
2025-05-12,"10 dose",1,12
2025-05-13,"9 dose",2,6
2025-05-13,"8 dose",1,6
2025-05-13,"6 dose",3,6
2025-05-14,"8 dose",4,5
2025-05-14,"5 dose",1,5
2025-05-15,"8 dose",1,5
